/+ROSE-YOUTU/train/9/G_NT_ZTE_wg_E_15_25.mp4.zip,0,175,175
/+ROSE-YOUTU/train/9/G_NT_ZTE_wg_E_15_24.mp4.zip,0,181,181
/+ROSE-YOUTU/train/9/G_NT_ZTE_wg_E_15_23.mp4.zip,0,184,185
/+ROSE-YOUTU/train/9/G_NT_ZTE_wg_E_15_22.mp4.zip,0,149,149
/+ROSE-YOUTU/train/9/G_NT_ZTE_wg_E_15_21.mp4.zip,0,219,219
/+ROSE-YOUTU/train/9/G_NT_IP_wg_E_15_20.mp4.zip,0,362,362
/+ROSE-YOUTU/train/9/G_NT_IP_wg_E_15_19.mp4.zip,0,402,402
/+ROSE-YOUTU/train/9/G_NT_IP_wg_E_15_18.mp4.zip,0,382,382
/+ROSE-YOUTU/train/9/G_NT_IP_wg_E_15_17.mp4.zip,0,391,391
/+ROSE-YOUTU/train/9/G_NT_IP_wg_E_15_16.mp4.zip,0,393,393
/+ROSE-YOUTU/train/9/G_NT_HW_wg_E_15_15.mp4.zip,0,268,268
/+ROSE-YOUTU/train/9/G_NT_HW_wg_E_15_14.mp4.zip,0,180,180
/+ROSE-YOUTU/train/9/G_NT_HW_wg_E_15_13.mp4.zip,0,188,188
/+ROSE-YOUTU/train/9/G_NT_HW_wg_E_15_12.mp4.zip,0,152,152
/+ROSE-YOUTU/train/9/G_NT_HW_wg_E_15_11.mp4.zip,0,221,221
/+ROSE-YOUTU/train/9/G_NT_HS_wg_E_15_9.mp4.zip,0,343,343
/+ROSE-YOUTU/train/9/G_NT_HS_wg_E_15_8.mp4.zip,0,362,362
/+ROSE-YOUTU/train/9/G_NT_HS_wg_E_15_7.mp4.zip,0,347,347
/+ROSE-YOUTU/train/9/G_NT_HS_wg_E_15_6.mp4.zip,0,360,360
/+ROSE-YOUTU/train/9/G_NT_HS_wg_E_15_10.mp4.zip,0,363,363
/+ROSE-YOUTU/train/9/G_NT_5s_wg_E_15_5.mp4.zip,0,399,399
/+ROSE-YOUTU/train/9/G_NT_5s_wg_E_15_4.mp4.zip,0,354,354
/+ROSE-YOUTU/train/9/G_NT_5s_wg_E_15_3.mp4.zip,0,376,376
/+ROSE-YOUTU/train/9/G_NT_5s_wg_E_15_2.mp4.zip,0,365,365
/+ROSE-YOUTU/train/9/G_NT_5s_wg_E_15_1.mp4.zip,0,377,377
/+ROSE-YOUTU/train/4/G_NT_ZTE_wg_E_5_50.mp4.zip,0,198,198
/+ROSE-YOUTU/train/4/G_NT_ZTE_wg_E_5_49.mp4.zip,0,198,198
/+ROSE-YOUTU/train/4/G_NT_ZTE_wg_E_5_48.mp4.zip,0,193,193
/+ROSE-YOUTU/train/4/G_NT_ZTE_wg_E_5_47.mp4.zip,0,163,205
/+ROSE-YOUTU/train/4/G_NT_ZTE_wg_E_5_46.mp4.zip,0,199,199
/+ROSE-YOUTU/train/4/G_NT_ZTE_g_E_5_45.mp4.zip,0,198,198
/+ROSE-YOUTU/train/4/G_NT_ZTE_g_E_5_44.mp4.zip,0,189,189
/+ROSE-YOUTU/train/4/G_NT_ZTE_g_E_5_43.mp4.zip,0,190,194
/+ROSE-YOUTU/train/4/G_NT_ZTE_g_E_5_42.mp4.zip,0,197,197
/+ROSE-YOUTU/train/4/G_NT_ZTE_g_E_5_41.mp4.zip,0,204,204
/+ROSE-YOUTU/train/4/G_NT_IP_wg_E_5_40.mp4.zip,0,407,407
/+ROSE-YOUTU/train/4/G_NT_IP_wg_E_5_39.mp4.zip,0,391,391
/+ROSE-YOUTU/train/4/G_NT_IP_wg_E_5_38.mp4.zip,0,422,422
/+ROSE-YOUTU/train/4/G_NT_IP_wg_E_5_37.mp4.zip,0,426,426
/+ROSE-YOUTU/train/4/G_NT_IP_wg_E_5_36.mp4.zip,0,414,414
/+ROSE-YOUTU/train/4/G_NT_IP_g_E_5_35.mp4.zip,0,404,404
/+ROSE-YOUTU/train/4/G_NT_IP_g_E_5_34.mp4.zip,0,404,404
/+ROSE-YOUTU/train/4/G_NT_IP_g_E_5_33.mp4.zip,0,417,417
/+ROSE-YOUTU/train/4/G_NT_IP_g_E_5_32.mp4.zip,0,423,424
/+ROSE-YOUTU/train/4/G_NT_IP_g_E_5_31.mp4.zip,0,423,423
/+ROSE-YOUTU/train/4/G_NT_HW_wg_E_5_30.mp4.zip,0,298,298
/+ROSE-YOUTU/train/4/G_NT_HW_wg_E_5_29.mp4.zip,0,300,300
/+ROSE-YOUTU/train/4/G_NT_HW_wg_E_5_28.mp4.zip,0,289,289
/+ROSE-YOUTU/train/4/G_NT_HW_wg_E_5_27.mp4.zip,0,209,209
/+ROSE-YOUTU/train/4/G_NT_HW_wg_E_5_26.mp4.zip,0,198,198
/+ROSE-YOUTU/train/4/G_NT_HW_g_E_5_25.mp4.zip,0,300,300
/+ROSE-YOUTU/train/4/G_NT_HW_g_E_5_24.mp4.zip,0,325,325
/+ROSE-YOUTU/train/4/G_NT_HW_g_E_5_23.mp4.zip,0,169,169
/+ROSE-YOUTU/train/4/G_NT_HW_g_E_5_22.mp4.zip,0,204,204
/+ROSE-YOUTU/train/4/G_NT_HW_g_E_5_21.mp4.zip,0,206,206
/+ROSE-YOUTU/train/4/G_NT_HS_wg_E_5_20.mp4.zip,0,391,391
/+ROSE-YOUTU/train/4/G_NT_HS_wg_E_5_19.mp4.zip,0,395,395
/+ROSE-YOUTU/train/4/G_NT_HS_wg_E_5_18.mp4.zip,0,417,417
/+ROSE-YOUTU/train/4/G_NT_HS_wg_E_5_17.mp4.zip,0,414,415
/+ROSE-YOUTU/train/4/G_NT_HS_wg_E_5_16.mp4.zip,0,431,431
/+ROSE-YOUTU/train/4/G_NT_HS_g_E_5_15.mp4.zip,0,412,412
/+ROSE-YOUTU/train/4/G_NT_HS_g_E_5_14.mp4.zip,0,421,421
/+ROSE-YOUTU/train/4/G_NT_HS_g_E_5_13.mp4.zip,0,418,418
/+ROSE-YOUTU/train/4/G_NT_HS_g_E_5_12.mp4.zip,0,314,424
/+ROSE-YOUTU/train/4/G_NT_HS_g_E_5_11.mp4.zip,0,438,438
/+ROSE-YOUTU/train/4/G_NT_5s_wg_E_5_9.mp4.zip,0,414,414
/+ROSE-YOUTU/train/4/G_NT_5s_wg_E_5_8.mp4.zip,0,430,430
/+ROSE-YOUTU/train/4/G_NT_5s_wg_E_5_7.mp4.zip,0,428,428
/+ROSE-YOUTU/train/4/G_NT_5s_wg_E_5_6.mp4.zip,0,444,444
/+ROSE-YOUTU/train/4/G_NT_5s_wg_E_5_10.mp4.zip,0,405,405
/+ROSE-YOUTU/train/4/G_NT_5s_g_E_5_5.mp4.zip,0,427,427
/+ROSE-YOUTU/train/4/G_NT_5s_g_E_5_4.mp4.zip,0,427,427
/+ROSE-YOUTU/train/4/G_NT_5s_g_E_5_3.mp4.zip,0,390,390
/+ROSE-YOUTU/train/4/G_NT_5s_g_E_5_2.mp4.zip,0,438,438
/+ROSE-YOUTU/train/4/G_NT_5s_g_E_5_1.mp4.zip,0,484,484
/+ROSE-YOUTU/train/7/G_NT_ZTE_wg_E_13_50.mp4.zip,0,164,164
/+ROSE-YOUTU/train/7/G_NT_ZTE_wg_E_13_49.mp4.zip,0,181,181
/+ROSE-YOUTU/train/7/G_NT_ZTE_wg_E_13_48.mp4.zip,0,164,164
/+ROSE-YOUTU/train/7/G_NT_ZTE_wg_E_13_47.mp4.zip,0,177,177
/+ROSE-YOUTU/train/7/G_NT_ZTE_wg_E_13_46.mp4.zip,0,191,203
/+ROSE-YOUTU/train/7/G_NT_ZTE_g_E_13_45.mp4.zip,0,165,165
/+ROSE-YOUTU/train/7/G_NT_ZTE_g_E_13_44.mp4.zip,0,142,171
/+ROSE-YOUTU/train/7/G_NT_ZTE_g_E_13_43.mp4.zip,0,138,168
/+ROSE-YOUTU/train/7/G_NT_ZTE_g_E_13_42.mp4.zip,0,227,232
/+ROSE-YOUTU/train/7/G_NT_ZTE_g_E_13_41.mp4.zip,0,112,159
/+ROSE-YOUTU/train/7/G_NT_IP_wg_E_13_40.mp4.zip,0,326,402
/+ROSE-YOUTU/train/7/G_NT_IP_wg_E_13_39.mp4.zip,0,0,372
/+ROSE-YOUTU/train/7/G_NT_IP_wg_E_13_38.mp4.zip,0,114,365
/+ROSE-YOUTU/train/7/G_NT_IP_wg_E_13_37.mp4.zip,0,218,376
/+ROSE-YOUTU/train/7/G_NT_IP_wg_E_13_36.mp4.zip,0,336,338
/+ROSE-YOUTU/train/7/G_NT_IP_g_E_13_35.mp4.zip,0,178,369
/+ROSE-YOUTU/train/7/G_NT_IP_g_E_13_34.mp4.zip,0,2,342
/+ROSE-YOUTU/train/7/G_NT_IP_g_E_13_33.mp4.zip,0,82,364
/+ROSE-YOUTU/train/7/G_NT_IP_g_E_13_32.mp4.zip,0,47,363
/+ROSE-YOUTU/train/7/G_NT_IP_g_E_13_31.mp4.zip,0,152,338
/+ROSE-YOUTU/train/7/G_NT_HW_wg_E_13_30.mp4.zip,0,132,132
/+ROSE-YOUTU/train/7/G_NT_HW_wg_E_13_29.mp4.zip,0,222,222
/+ROSE-YOUTU/train/7/G_NT_HW_wg_E_13_28.mp4.zip,0,174,174
/+ROSE-YOUTU/train/7/G_NT_HW_wg_E_13_27.mp4.zip,0,220,221
/+ROSE-YOUTU/train/7/G_NT_HW_wg_E_13_26.mp4.zip,0,250,258
/+ROSE-YOUTU/train/7/G_NT_HW_g_E_13_25.mp4.zip,0,218,257
/+ROSE-YOUTU/train/7/G_NT_HW_g_E_13_24.mp4.zip,0,171,270
/+ROSE-YOUTU/train/7/G_NT_HW_g_E_13_23.mp4.zip,0,51,175
/+ROSE-YOUTU/train/7/G_NT_HW_g_E_13_22.mp4.zip,0,140,203
/+ROSE-YOUTU/train/7/G_NT_HW_g_E_13_21.mp4.zip,0,165,165
/+ROSE-YOUTU/train/7/G_NT_HS_wg_E_13_20.mp4.zip,0,199,368
/+ROSE-YOUTU/train/7/G_NT_HS_wg_E_13_19.mp4.zip,0,0,346
/+ROSE-YOUTU/train/7/G_NT_HS_wg_E_13_18.mp4.zip,0,293,408
/+ROSE-YOUTU/train/7/G_NT_HS_wg_E_13_17.mp4.zip,0,352,352
/+ROSE-YOUTU/train/7/G_NT_HS_wg_E_13_16.mp4.zip,0,369,369
/+ROSE-YOUTU/train/7/G_NT_HS_g_E_13_15.mp4.zip,0,222,361
/+ROSE-YOUTU/train/7/G_NT_HS_g_E_13_14.mp4.zip,0,104,382
/+ROSE-YOUTU/train/7/G_NT_HS_g_E_13_13.mp4.zip,0,163,342
/+ROSE-YOUTU/train/7/G_NT_HS_g_E_13_12.mp4.zip,0,340,379
/+ROSE-YOUTU/train/7/G_NT_HS_g_E_13_11.mp4.zip,0,334,349
/+ROSE-YOUTU/train/7/G_NT_5s_wg_E_13_9.mp4.zip,0,358,358
/+ROSE-YOUTU/train/7/G_NT_5s_wg_E_13_8.mp4.zip,0,420,420
/+ROSE-YOUTU/train/7/G_NT_5s_wg_E_13_7.mp4.zip,0,349,367
/+ROSE-YOUTU/train/7/G_NT_5s_wg_E_13_6.mp4.zip,0,392,392
/+ROSE-YOUTU/train/7/G_NT_5s_wg_E_13_10.mp4.zip,0,378,378
/+ROSE-YOUTU/train/7/G_NT_5s_g_E_13_5.mp4.zip,0,238,383
/+ROSE-YOUTU/train/7/G_NT_5s_g_E_13_4.mp4.zip,0,445,468
/+ROSE-YOUTU/train/7/G_NT_5s_g_E_13_3.mp4.zip,0,356,356
/+ROSE-YOUTU/train/7/G_NT_5s_g_E_13_2.mp4.zip,0,402,402
/+ROSE-YOUTU/train/7/G_NT_5s_g_E_13_1.mp4.zip,0,360,360
/+ROSE-YOUTU/train/6/G_NT_ZTE_wg_E_12_50.mp4.zip,0,181,181
/+ROSE-YOUTU/train/6/G_NT_ZTE_wg_E_12_49.mp4.zip,0,181,181
/+ROSE-YOUTU/train/6/G_NT_ZTE_wg_E_12_48.mp4.zip,0,168,168
/+ROSE-YOUTU/train/6/G_NT_ZTE_wg_E_12_47.mp4.zip,0,222,222
/+ROSE-YOUTU/train/6/G_NT_ZTE_wg_E_12_46.mp4.zip,0,64,187
/+ROSE-YOUTU/train/6/G_NT_ZTE_g_E_12_45.mp4.zip,0,319,347
/+ROSE-YOUTU/train/6/G_NT_ZTE_g_E_12_44.mp4.zip,0,163,163
/+ROSE-YOUTU/train/6/G_NT_ZTE_g_E_12_43.mp4.zip,0,344,344
/+ROSE-YOUTU/train/6/G_NT_ZTE_g_E_12_42.mp4.zip,0,166,171
/+ROSE-YOUTU/train/6/G_NT_ZTE_g_E_12_41.mp4.zip,0,183,191
/+ROSE-YOUTU/train/6/G_NT_IP_wg_E_12_40.mp4.zip,0,354,354
/+ROSE-YOUTU/train/6/G_NT_IP_wg_E_12_39.mp4.zip,0,350,350
/+ROSE-YOUTU/train/6/G_NT_IP_wg_E_12_38.mp4.zip,0,478,478
/+ROSE-YOUTU/train/6/G_NT_IP_wg_E_12_37.mp4.zip,0,332,367
/+ROSE-YOUTU/train/6/G_NT_IP_wg_E_12_36.mp4.zip,0,399,409
/+ROSE-YOUTU/train/6/G_NT_IP_g_E_12_35.mp4.zip,0,262,424
/+ROSE-YOUTU/train/6/G_NT_IP_g_E_12_34.mp4.zip,0,352,352
/+ROSE-YOUTU/train/6/G_NT_IP_g_E_12_33.mp4.zip,0,378,378
/+ROSE-YOUTU/train/6/G_NT_IP_g_E_12_32.mp4.zip,0,328,349
/+ROSE-YOUTU/train/6/G_NT_IP_g_E_12_31.mp4.zip,0,337,390
/+ROSE-YOUTU/train/6/G_NT_HW_wg_E_12_30.mp4.zip,0,201,201
/+ROSE-YOUTU/train/6/G_NT_HW_wg_E_12_29.mp4.zip,0,247,247
/+ROSE-YOUTU/train/6/G_NT_HW_wg_E_12_28.mp4.zip,0,186,186
/+ROSE-YOUTU/train/6/G_NT_HW_wg_E_12_27.mp4.zip,0,183,183
/+ROSE-YOUTU/train/6/G_NT_HW_wg_E_12_26.mp4.zip,0,170,180
/+ROSE-YOUTU/train/6/G_NT_HW_g_E_12_25.mp4.zip,0,154,172
/+ROSE-YOUTU/train/6/G_NT_HW_g_E_12_24.mp4.zip,0,173,173
/+ROSE-YOUTU/train/6/G_NT_HW_g_E_12_23.mp4.zip,0,194,194
/+ROSE-YOUTU/train/6/G_NT_HW_g_E_12_22.mp4.zip,0,166,169
/+ROSE-YOUTU/train/6/G_NT_HW_g_E_12_21.mp4.zip,0,193,195
/+ROSE-YOUTU/train/6/G_NT_HS_wg_E_12_20.mp4.zip,0,325,325
/+ROSE-YOUTU/train/6/G_NT_HS_wg_E_12_19.mp4.zip,0,336,336
/+ROSE-YOUTU/train/6/G_NT_HS_wg_E_12_18.mp4.zip,0,367,367
/+ROSE-YOUTU/train/6/G_NT_HS_wg_E_12_17.mp4.zip,0,342,351
/+ROSE-YOUTU/train/6/G_NT_HS_wg_E_12_16.mp4.zip,0,384,400
/+ROSE-YOUTU/train/6/G_NT_HS_g_E_12_15.mp4.zip,0,192,346
/+ROSE-YOUTU/train/6/G_NT_HS_g_E_12_14.mp4.zip,0,338,338
/+ROSE-YOUTU/train/6/G_NT_HS_g_E_12_13.mp4.zip,0,366,366
/+ROSE-YOUTU/train/6/G_NT_HS_g_E_12_12.mp4.zip,0,280,354
/+ROSE-YOUTU/train/6/G_NT_HS_g_E_12_11.mp4.zip,0,337,366
/+ROSE-YOUTU/train/6/G_NT_5s_wg_E_12_9.mp4.zip,0,310,310
/+ROSE-YOUTU/train/6/G_NT_5s_wg_E_12_8.mp4.zip,0,332,332
/+ROSE-YOUTU/train/6/G_NT_5s_wg_E_12_7.mp4.zip,0,347,347
/+ROSE-YOUTU/train/6/G_NT_5s_wg_E_12_6.mp4.zip,0,288,336
/+ROSE-YOUTU/train/6/G_NT_5s_wg_E_12_10.mp4.zip,0,382,382
/+ROSE-YOUTU/train/6/G_NT_5s_g_E_12_5.mp4.zip,0,341,341
/+ROSE-YOUTU/train/6/G_NT_5s_g_E_12_4.mp4.zip,0,342,342
/+ROSE-YOUTU/train/6/G_NT_5s_g_E_12_3.mp4.zip,0,331,331
/+ROSE-YOUTU/train/6/G_NT_5s_g_E_12_2.mp4.zip,0,328,328
/+ROSE-YOUTU/train/6/G_NT_5s_g_E_12_1.mp4.zip,0,338,338
/+ROSE-YOUTU/train/5/G_NT_HS_g_E_9_15.mp4.zip,0,384,384
/+ROSE-YOUTU/train/5/G_NT_HS_g_E_9_14.mp4.zip,0,381,381
/+ROSE-YOUTU/train/5/G_NT_HS_g_E_9_13.mp4.zip,0,380,380
/+ROSE-YOUTU/train/5/G_NT_HS_g_E_9_12.mp4.zip,0,349,349
/+ROSE-YOUTU/train/5/G_NT_HS_g_E_9_11.mp4.zip,0,352,352
/+ROSE-YOUTU/train/5/G_NT_5s_wg_E_9_9.mp4.zip,0,337,337
/+ROSE-YOUTU/train/5/G_NT_5s_wg_E_9_8.mp4.zip,0,367,367
/+ROSE-YOUTU/train/5/G_NT_5s_wg_E_9_7.mp4.zip,0,380,380
/+ROSE-YOUTU/train/5/G_NT_5s_wg_E_9_6.mp4.zip,0,382,382
/+ROSE-YOUTU/train/5/G_NT_5s_wg_E_9_10.mp4.zip,0,344,344
/+ROSE-YOUTU/train/5/G_NT_5s_g_E_9_5.mp4.zip,0,319,319
/+ROSE-YOUTU/train/5/G_NT_5s_g_E_9_4.mp4.zip,0,380,380
/+ROSE-YOUTU/train/5/G_NT_5s_g_E_9_3.mp4.zip,0,342,342
/+ROSE-YOUTU/train/5/G_NT_5s_g_E_9_2.mp4.zip,0,342,342
/+ROSE-YOUTU/train/5/G_NT_5s_g_E_9_1.mp4.zip,0,358,358
/+ROSE-YOUTU/train/5/G_NT_ZTE_wg_E_9_50.mp4.zip,0,171,171
/+ROSE-YOUTU/train/5/G_NT_ZTE_wg_E_9_49.mp4.zip,0,160,160
/+ROSE-YOUTU/train/5/G_NT_ZTE_wg_E_9_48.mp4.zip,0,153,153
/+ROSE-YOUTU/train/5/G_NT_ZTE_wg_E_9_47.mp4.zip,0,157,157
/+ROSE-YOUTU/train/5/G_NT_ZTE_wg_E_9_46.mp4.zip,0,196,196
/+ROSE-YOUTU/train/5/G_NT_ZTE_g_E_9_45.mp4.zip,0,156,156
/+ROSE-YOUTU/train/5/G_NT_ZTE_g_E_9_44.mp4.zip,0,165,165
/+ROSE-YOUTU/train/5/G_NT_ZTE_g_E_9_43.mp4.zip,0,159,160
/+ROSE-YOUTU/train/5/G_NT_ZTE_g_E_9_42.mp4.zip,0,331,331
/+ROSE-YOUTU/train/5/G_NT_ZTE_g_E_9_41.mp4.zip,0,173,173
/+ROSE-YOUTU/train/5/G_NT_IP_wg_E_9_40.mp4.zip,0,377,377
/+ROSE-YOUTU/train/5/G_NT_IP_wg_E_9_39.mp4.zip,0,388,388
/+ROSE-YOUTU/train/5/G_NT_IP_wg_E_9_38.mp4.zip,0,396,396
/+ROSE-YOUTU/train/5/G_NT_IP_wg_E_9_37.mp4.zip,0,377,377
/+ROSE-YOUTU/train/5/G_NT_IP_wg_E_9_36.mp4.zip,0,348,348
/+ROSE-YOUTU/train/5/G_NT_IP_g_E_9_35.mp4.zip,0,379,379
/+ROSE-YOUTU/train/5/G_NT_IP_g_E_9_34.mp4.zip,0,379,379
/+ROSE-YOUTU/train/5/G_NT_IP_g_E_9_33.mp4.zip,0,381,381
/+ROSE-YOUTU/train/5/G_NT_IP_g_E_9_32.mp4.zip,0,374,374
/+ROSE-YOUTU/train/5/G_NT_IP_g_E_9_31.mp4.zip,0,372,372
/+ROSE-YOUTU/train/5/G_NT_HW_wg_E_9_30.mp4.zip,0,274,274
/+ROSE-YOUTU/train/5/G_NT_HW_wg_E_9_29.mp4.zip,0,294,294
/+ROSE-YOUTU/train/5/G_NT_HW_wg_E_9_28.mp4.zip,0,183,183
/+ROSE-YOUTU/train/5/G_NT_HW_wg_E_9_27.mp4.zip,0,198,198
/+ROSE-YOUTU/train/5/G_NT_HW_wg_E_9_26.mp4.zip,0,180,180
/+ROSE-YOUTU/train/5/G_NT_HW_g_E_9_25.mp4.zip,0,260,260
/+ROSE-YOUTU/train/5/G_NT_HW_g_E_9_24.mp4.zip,0,146,146
/+ROSE-YOUTU/train/5/G_NT_HW_g_E_9_23.mp4.zip,0,254,254
/+ROSE-YOUTU/train/5/G_NT_HW_g_E_9_22.mp4.zip,0,192,192
/+ROSE-YOUTU/train/5/G_NT_HW_g_E_9_21.mp4.zip,0,235,235
/+ROSE-YOUTU/train/5/G_NT_HS_wg_E_9_20.mp4.zip,0,399,399
/+ROSE-YOUTU/train/5/G_NT_HS_wg_E_9_19.mp4.zip,0,393,393
/+ROSE-YOUTU/train/5/G_NT_HS_wg_E_9_18.mp4.zip,0,399,400
/+ROSE-YOUTU/train/5/G_NT_HS_wg_E_9_17.mp4.zip,0,343,343
/+ROSE-YOUTU/train/5/G_NT_HS_wg_E_9_16.mp4.zip,0,346,346
/+ROSE-YOUTU/train/3/G_NT_ZTE_wg_E_3_50.mp4.zip,0,159,159
/+ROSE-YOUTU/train/3/G_NT_ZTE_wg_E_3_49.mp4.zip,0,147,147
/+ROSE-YOUTU/train/3/G_NT_ZTE_wg_E_3_48.mp4.zip,0,150,150
/+ROSE-YOUTU/train/3/G_NT_ZTE_wg_E_3_47.mp4.zip,0,160,160
/+ROSE-YOUTU/train/3/G_NT_ZTE_wg_E_3_46.mp4.zip,0,175,175
/+ROSE-YOUTU/train/3/G_NT_ZTE_g_E_3_45.mp4.zip,0,149,149
/+ROSE-YOUTU/train/3/G_NT_ZTE_g_E_3_44.mp4.zip,0,149,149
/+ROSE-YOUTU/train/3/G_NT_ZTE_g_E_3_43.mp4.zip,0,149,149
/+ROSE-YOUTU/train/3/G_NT_ZTE_g_E_3_42.mp4.zip,0,154,154
/+ROSE-YOUTU/train/3/G_NT_ZTE_g_E_3_41.mp4.zip,0,163,163
/+ROSE-YOUTU/train/3/G_NT_IP_wg_E_3_40.mp4.zip,0,355,355
/+ROSE-YOUTU/train/3/G_NT_IP_wg_E_3_39.mp4.zip,0,351,351
/+ROSE-YOUTU/train/3/G_NT_IP_wg_E_3_38.mp4.zip,0,330,330
/+ROSE-YOUTU/train/3/G_NT_IP_wg_E_3_37.mp4.zip,0,339,339
/+ROSE-YOUTU/train/3/G_NT_IP_wg_E_3_36.mp4.zip,0,356,356
/+ROSE-YOUTU/train/3/G_NT_IP_g_E_3_35.mp4.zip,0,325,325
/+ROSE-YOUTU/train/3/G_NT_IP_g_E_3_34.mp4.zip,0,325,325
/+ROSE-YOUTU/train/3/G_NT_IP_g_E_3_33.mp4.zip,0,333,333
/+ROSE-YOUTU/train/3/G_NT_IP_g_E_3_32.mp4.zip,0,319,319
/+ROSE-YOUTU/train/3/G_NT_IP_g_E_3_31.mp4.zip,0,424,426
/+ROSE-YOUTU/train/3/G_NT_HW_wg_E_3_30.mp4.zip,0,136,136
/+ROSE-YOUTU/train/3/G_NT_HW_wg_E_3_29.mp4.zip,0,232,232
/+ROSE-YOUTU/train/3/G_NT_HW_wg_E_3_28.mp4.zip,0,216,216
/+ROSE-YOUTU/train/3/G_NT_HW_wg_E_3_27.mp4.zip,0,161,161
/+ROSE-YOUTU/train/3/G_NT_HW_wg_E_3_26.mp4.zip,0,148,148
/+ROSE-YOUTU/train/3/G_NT_HW_g_E_3_25.mp4.zip,0,149,149
/+ROSE-YOUTU/train/3/G_NT_HW_g_E_3_24.mp4.zip,0,221,221
/+ROSE-YOUTU/train/3/G_NT_HW_g_E_3_23.mp4.zip,0,219,219
/+ROSE-YOUTU/train/3/G_NT_HW_g_E_3_22.mp4.zip,0,161,161
/+ROSE-YOUTU/train/3/G_NT_HW_g_E_3_21.mp4.zip,0,141,141
/+ROSE-YOUTU/train/3/G_NT_HS_wg_E_3_20.mp4.zip,0,312,312
/+ROSE-YOUTU/train/3/G_NT_HS_wg_E_3_19.mp4.zip,0,323,323
/+ROSE-YOUTU/train/3/G_NT_HS_wg_E_3_18.mp4.zip,0,287,287
/+ROSE-YOUTU/train/3/G_NT_HS_wg_E_3_17.mp4.zip,0,294,294
/+ROSE-YOUTU/train/3/G_NT_HS_wg_E_3_16.mp4.zip,0,300,304
/+ROSE-YOUTU/train/3/G_NT_HS_g_E_3_15.mp4.zip,0,299,299
/+ROSE-YOUTU/train/3/G_NT_HS_g_E_3_14.mp4.zip,0,309,309
/+ROSE-YOUTU/train/3/G_NT_HS_g_E_3_13.mp4.zip,0,295,295
/+ROSE-YOUTU/train/3/G_NT_HS_g_E_3_12.mp4.zip,0,310,310
/+ROSE-YOUTU/train/3/G_NT_HS_g_E_3_11.mp4.zip,0,326,326
/+ROSE-YOUTU/train/3/G_NT_5s_wg_E_3_9.mp4.zip,0,338,338
/+ROSE-YOUTU/train/3/G_NT_5s_wg_E_3_8.mp4.zip,0,301,301
/+ROSE-YOUTU/train/3/G_NT_5s_wg_E_3_7.mp4.zip,0,309,309
/+ROSE-YOUTU/train/3/G_NT_5s_wg_E_3_6.mp4.zip,0,317,317
/+ROSE-YOUTU/train/3/G_NT_5s_wg_E_3_10.mp4.zip,0,325,325
/+ROSE-YOUTU/train/3/G_NT_5s_g_E_3_5.mp4.zip,0,310,310
/+ROSE-YOUTU/train/3/G_NT_5s_g_E_3_4.mp4.zip,0,323,323
/+ROSE-YOUTU/train/3/G_NT_5s_g_E_3_3.mp4.zip,0,252,252
/+ROSE-YOUTU/train/3/G_NT_5s_g_E_3_2.mp4.zip,0,323,323
/+ROSE-YOUTU/train/3/G_NT_5s_g_E_3_1.mp4.zip,0,340,340
/+ROSE-YOUTU/train/10/G_NT_ZTE_wg_E_16_50.mp4.zip,0,206,207
/+ROSE-YOUTU/train/10/G_NT_ZTE_wg_E_16_49.mp4.zip,0,217,218
/+ROSE-YOUTU/train/10/G_NT_ZTE_wg_E_16_48.mp4.zip,0,208,208
/+ROSE-YOUTU/train/10/G_NT_ZTE_wg_E_16_47.mp4.zip,0,205,205
/+ROSE-YOUTU/train/10/G_NT_ZTE_wg_E_16_46.mp4.zip,0,199,199
/+ROSE-YOUTU/train/10/G_NT_ZTE_g_E_16_45.mp4.zip,0,174,174
/+ROSE-YOUTU/train/10/G_NT_ZTE_g_E_16_44.mp4.zip,0,176,176
/+ROSE-YOUTU/train/10/G_NT_ZTE_g_E_16_43.mp4.zip,0,188,188
/+ROSE-YOUTU/train/10/G_NT_ZTE_g_E_16_42.mp4.zip,0,189,189
/+ROSE-YOUTU/train/10/G_NT_ZTE_g_E_16_41.mp4.zip,0,195,195
/+ROSE-YOUTU/train/10/G_NT_IP_wg_E_16_40.mp4.zip,0,368,368
/+ROSE-YOUTU/train/10/G_NT_IP_wg_E_16_39.mp4.zip,0,355,355
/+ROSE-YOUTU/train/10/G_NT_IP_wg_E_16_38.mp4.zip,0,430,430
/+ROSE-YOUTU/train/10/G_NT_IP_wg_E_16_37.mp4.zip,0,330,330
/+ROSE-YOUTU/train/10/G_NT_IP_wg_E_16_36.mp4.zip,0,352,352
/+ROSE-YOUTU/train/10/G_NT_IP_g_E_16_35.mp4.zip,0,379,379
/+ROSE-YOUTU/train/10/G_NT_IP_g_E_16_34.mp4.zip,0,366,366
/+ROSE-YOUTU/train/10/G_NT_IP_g_E_16_33.mp4.zip,0,330,330
/+ROSE-YOUTU/train/10/G_NT_IP_g_E_16_32.mp4.zip,0,354,354
/+ROSE-YOUTU/train/10/G_NT_IP_g_E_16_31.mp4.zip,0,390,390
/+ROSE-YOUTU/train/10/G_NT_HW_wg_E_16_30.mp4.zip,0,249,249
/+ROSE-YOUTU/train/10/G_NT_HW_wg_E_16_29.mp4.zip,0,270,270
/+ROSE-YOUTU/train/10/G_NT_HW_wg_E_16_28.mp4.zip,0,279,279
/+ROSE-YOUTU/train/10/G_NT_HW_wg_E_16_27.mp4.zip,0,206,206
/+ROSE-YOUTU/train/10/G_NT_HW_wg_E_16_26.mp4.zip,0,283,283
/+ROSE-YOUTU/train/10/G_NT_HW_g_E_16_25.mp4.zip,0,270,270
/+ROSE-YOUTU/train/10/G_NT_HW_g_E_16_24.mp4.zip,0,268,268
/+ROSE-YOUTU/train/10/G_NT_HW_g_E_16_23.mp4.zip,0,280,280
/+ROSE-YOUTU/train/10/G_NT_HW_g_E_16_22.mp4.zip,0,155,155
/+ROSE-YOUTU/train/10/G_NT_HW_g_E_16_21.mp4.zip,0,167,167
/+ROSE-YOUTU/train/10/G_NT_HS_wg_E_16_20.mp4.zip,0,478,478
/+ROSE-YOUTU/train/10/G_NT_HS_wg_E_16_19.mp4.zip,0,389,389
/+ROSE-YOUTU/train/10/G_NT_HS_wg_E_16_18.mp4.zip,0,403,403
/+ROSE-YOUTU/train/10/G_NT_HS_wg_E_16_17.mp4.zip,0,422,422
/+ROSE-YOUTU/train/10/G_NT_HS_wg_E_16_16.mp4.zip,0,373,373
/+ROSE-YOUTU/train/10/G_NT_HS_g_E_16_15.mp4.zip,0,405,405
/+ROSE-YOUTU/train/10/G_NT_HS_g_E_16_14.mp4.zip,0,371,371
/+ROSE-YOUTU/train/10/G_NT_HS_g_E_16_13.mp4.zip,0,378,378
/+ROSE-YOUTU/train/10/G_NT_HS_g_E_16_12.mp4.zip,0,390,390
/+ROSE-YOUTU/train/10/G_NT_HS_g_E_16_11.mp4.zip,0,404,404
/+ROSE-YOUTU/train/10/G_NT_5s_wg_E_16_9.mp4.zip,0,269,269
/+ROSE-YOUTU/train/10/G_NT_5s_wg_E_16_8.mp4.zip,0,364,364
/+ROSE-YOUTU/train/10/G_NT_5s_wg_E_16_7.mp4.zip,0,348,348
/+ROSE-YOUTU/train/10/G_NT_5s_wg_E_16_6.mp4.zip,0,367,367
/+ROSE-YOUTU/train/10/G_NT_5s_wg_E_16_10.mp4.zip,0,470,470
/+ROSE-YOUTU/train/10/G_NT_5s_g_E_16_5.mp4.zip,0,343,343
/+ROSE-YOUTU/train/10/G_NT_5s_g_E_16_4.mp4.zip,0,285,285
/+ROSE-YOUTU/train/10/G_NT_5s_g_E_16_3.mp4.zip,0,286,286
/+ROSE-YOUTU/train/10/G_NT_5s_g_E_16_2.mp4.zip,0,366,366
/+ROSE-YOUTU/train/10/G_NT_5s_g_E_16_1.mp4.zip,0,443,443
/+ROSE-YOUTU/train/11/G_NT_IP_wg_E_20_39.mp4.zip,0,342,342
/+ROSE-YOUTU/train/11/G_NT_IP_wg_E_20_38.mp4.zip,0,374,374
/+ROSE-YOUTU/train/11/G_NT_IP_wg_E_20_37.mp4.zip,0,407,407
/+ROSE-YOUTU/train/11/G_NT_IP_wg_E_20_36.mp4.zip,0,362,362
/+ROSE-YOUTU/train/11/G_NT_IP_g_E_20_35.mp4.zip,0,434,434
/+ROSE-YOUTU/train/11/G_NT_IP_g_E_20_34.mp4.zip,0,378,378
/+ROSE-YOUTU/train/11/G_NT_IP_g_E_20_33.mp4.zip,0,370,370
/+ROSE-YOUTU/train/11/G_NT_IP_g_E_20_32.mp4.zip,0,357,357
/+ROSE-YOUTU/train/11/G_NT_IP_g_E_20_31.mp4.zip,0,353,353
/+ROSE-YOUTU/train/11/G_NT_HW_wg_E_20_30.mp4.zip,0,131,131
/+ROSE-YOUTU/train/11/G_NT_HW_wg_E_20_29.mp4.zip,0,243,243
/+ROSE-YOUTU/train/11/G_NT_HW_wg_E_20_28.mp4.zip,0,228,228
/+ROSE-YOUTU/train/11/G_NT_HW_wg_E_20_27.mp4.zip,0,155,155
/+ROSE-YOUTU/train/11/G_NT_HW_wg_E_20_26.mp4.zip,0,159,159
/+ROSE-YOUTU/train/11/G_NT_HW_g_E_20_25.mp4.zip,0,161,161
/+ROSE-YOUTU/train/11/G_NT_HW_g_E_20_24.mp4.zip,0,186,188
/+ROSE-YOUTU/train/11/G_NT_HW_g_E_20_23.mp4.zip,0,157,157
/+ROSE-YOUTU/train/11/G_NT_HW_g_E_20_22.mp4.zip,0,165,165
/+ROSE-YOUTU/train/11/G_NT_HW_g_E_20_21.mp4.zip,0,161,161
/+ROSE-YOUTU/train/11/G_NT_HS_wg_E_20_20.mp4.zip,0,330,330
/+ROSE-YOUTU/train/11/G_NT_HS_wg_E_20_19.mp4.zip,0,364,364
/+ROSE-YOUTU/train/11/G_NT_HS_wg_E_20_18.mp4.zip,0,330,330
/+ROSE-YOUTU/train/11/G_NT_HS_wg_E_20_17.mp4.zip,0,342,342
/+ROSE-YOUTU/train/11/G_NT_HS_wg_E_20_16.mp4.zip,0,329,329
/+ROSE-YOUTU/train/11/G_NT_HS_g_E_20_15.mp4.zip,0,325,325
/+ROSE-YOUTU/train/11/G_NT_HS_g_E_20_14.mp4.zip,0,340,340
/+ROSE-YOUTU/train/11/G_NT_HS_g_E_20_13.mp4.zip,0,325,325
/+ROSE-YOUTU/train/11/G_NT_HS_g_E_20_12.mp4.zip,0,337,337
/+ROSE-YOUTU/train/11/G_NT_HS_g_E_20_11.mp4.zip,0,296,296
/+ROSE-YOUTU/train/11/G_NT_5s_wg_E_20_9.mp4.zip,0,338,338
/+ROSE-YOUTU/train/11/G_NT_5s_wg_E_20_8.mp4.zip,0,307,307
/+ROSE-YOUTU/train/11/G_NT_5s_wg_E_20_7.mp4.zip,0,356,356
/+ROSE-YOUTU/train/11/G_NT_5s_wg_E_20_6.mp4.zip,0,345,345
/+ROSE-YOUTU/train/11/G_NT_5s_wg_E_20_10.mp4.zip,0,310,310
/+ROSE-YOUTU/train/11/G_NT_5s_g_E_20_5.mp4.zip,0,326,326
/+ROSE-YOUTU/train/11/G_NT_5s_g_E_20_4.mp4.zip,0,352,352
/+ROSE-YOUTU/train/11/G_NT_5s_g_E_20_3.mp4.zip,0,338,338
/+ROSE-YOUTU/train/11/G_NT_5s_g_E_20_2.mp4.zip,0,350,350
/+ROSE-YOUTU/train/11/G_NT_5s_g_E_20_1.mp4.zip,0,309,309
/+ROSE-YOUTU/train/11/G_NT_ZTE_wg_E_20_50.mp4.zip,0,163,163
/+ROSE-YOUTU/train/11/G_NT_ZTE_wg_E_20_49.mp4.zip,0,154,154
/+ROSE-YOUTU/train/11/G_NT_ZTE_wg_E_20_48.mp4.zip,0,149,149
/+ROSE-YOUTU/train/11/G_NT_ZTE_wg_E_20_47.mp4.zip,0,150,150
/+ROSE-YOUTU/train/11/G_NT_ZTE_wg_E_20_46.mp4.zip,0,155,155
/+ROSE-YOUTU/train/11/G_NT_ZTE_g_E_20_45.mp4.zip,0,161,161
/+ROSE-YOUTU/train/11/G_NT_ZTE_g_E_20_44.mp4.zip,0,183,183
/+ROSE-YOUTU/train/11/G_NT_ZTE_g_E_20_43.mp4.zip,0,157,157
/+ROSE-YOUTU/train/11/G_NT_ZTE_g_E_20_42.mp4.zip,0,160,160
/+ROSE-YOUTU/train/11/G_NT_ZTE_g_E_20_41.mp4.zip,0,159,159
/+ROSE-YOUTU/train/11/G_NT_IP_wg_E_20_40.mp4.zip,0,372,372
/+ROSE-YOUTU/train/12/G_NT_ZTE_wg_E_22_50.mp4.zip,0,165,165
/+ROSE-YOUTU/train/12/G_NT_ZTE_wg_E_22_49.mp4.zip,0,198,198
/+ROSE-YOUTU/train/12/G_NT_ZTE_wg_E_22_48.mp4.zip,0,172,172
/+ROSE-YOUTU/train/12/G_NT_ZTE_wg_E_22_47.mp4.zip,0,184,184
/+ROSE-YOUTU/train/12/G_NT_ZTE_wg_E_22_46.mp4.zip,0,207,207
/+ROSE-YOUTU/train/12/G_NT_ZTE_g_E_22_45.mp4.zip,0,158,158
/+ROSE-YOUTU/train/12/G_NT_ZTE_g_E_22_44.mp4.zip,0,162,162
/+ROSE-YOUTU/train/12/G_NT_ZTE_g_E_22_43.mp4.zip,0,182,183
/+ROSE-YOUTU/train/12/G_NT_ZTE_g_E_22_42.mp4.zip,0,161,161
/+ROSE-YOUTU/train/12/G_NT_ZTE_g_E_22_41.mp4.zip,0,170,170
/+ROSE-YOUTU/train/12/G_NT_IP_wg_E_22_40.mp4.zip,0,338,338
/+ROSE-YOUTU/train/12/G_NT_IP_wg_E_22_39.mp4.zip,0,357,357
/+ROSE-YOUTU/train/12/G_NT_IP_wg_E_22_38.mp4.zip,0,349,349
/+ROSE-YOUTU/train/12/G_NT_IP_wg_E_22_37.mp4.zip,0,371,371
/+ROSE-YOUTU/train/12/G_NT_IP_wg_E_22_36.mp4.zip,0,392,392
/+ROSE-YOUTU/train/12/G_NT_IP_g_E_22_35.mp4.zip,0,344,344
/+ROSE-YOUTU/train/12/G_NT_IP_g_E_22_34.mp4.zip,0,377,377
/+ROSE-YOUTU/train/12/G_NT_IP_g_E_22_33.mp4.zip,0,397,397
/+ROSE-YOUTU/train/12/G_NT_IP_g_E_22_32.mp4.zip,0,384,384
/+ROSE-YOUTU/train/12/G_NT_IP_g_E_22_31.mp4.zip,0,375,375
/+ROSE-YOUTU/train/12/G_NT_HW_wg_E_22_30.mp4.zip,0,247,247
/+ROSE-YOUTU/train/12/G_NT_HW_wg_E_22_29.mp4.zip,0,265,265
/+ROSE-YOUTU/train/12/G_NT_HW_wg_E_22_28.mp4.zip,0,142,142
/+ROSE-YOUTU/train/12/G_NT_HW_wg_E_22_27.mp4.zip,0,166,166
/+ROSE-YOUTU/train/12/G_NT_HW_wg_E_22_26.mp4.zip,0,121,139
/+ROSE-YOUTU/train/12/G_NT_HW_g_E_22_25.mp4.zip,0,244,244
/+ROSE-YOUTU/train/12/G_NT_HW_g_E_22_24.mp4.zip,0,233,233
/+ROSE-YOUTU/train/12/G_NT_HW_g_E_22_23.mp4.zip,0,270,270
/+ROSE-YOUTU/train/12/G_NT_HW_g_E_22_22.mp4.zip,0,159,159
/+ROSE-YOUTU/train/12/G_NT_HW_g_E_22_21.mp4.zip,0,249,249
/+ROSE-YOUTU/train/12/G_NT_HS_wg_E_22_20.mp4.zip,0,357,357
/+ROSE-YOUTU/train/12/G_NT_HS_wg_E_22_19.mp4.zip,0,347,347
/+ROSE-YOUTU/train/12/G_NT_HS_wg_E_22_18.mp4.zip,0,351,351
/+ROSE-YOUTU/train/12/G_NT_HS_wg_E_22_17.mp4.zip,0,350,350
/+ROSE-YOUTU/train/12/G_NT_HS_wg_E_22_16.mp4.zip,0,348,348
/+ROSE-YOUTU/train/12/G_NT_HS_g_E_22_15.mp4.zip,0,352,352
/+ROSE-YOUTU/train/12/G_NT_HS_g_E_22_14.mp4.zip,0,328,328
/+ROSE-YOUTU/train/12/G_NT_HS_g_E_22_13.mp4.zip,0,338,338
/+ROSE-YOUTU/train/12/G_NT_HS_g_E_22_12.mp4.zip,0,338,338
/+ROSE-YOUTU/train/12/G_NT_HS_g_E_22_11.mp4.zip,0,389,389
/+ROSE-YOUTU/train/12/G_NT_5s_wg_E_22_9.mp4.zip,0,362,362
/+ROSE-YOUTU/train/12/G_NT_5s_wg_E_22_8.mp4.zip,0,367,367
/+ROSE-YOUTU/train/12/G_NT_5s_wg_E_22_7.mp4.zip,0,363,363
/+ROSE-YOUTU/train/12/G_NT_5s_wg_E_22_6.mp4.zip,0,362,362
/+ROSE-YOUTU/train/12/G_NT_5s_wg_E_22_10.mp4.zip,0,372,372
/+ROSE-YOUTU/train/12/G_NT_5s_g_E_22_5.mp4.zip,0,363,363
/+ROSE-YOUTU/train/12/G_NT_5s_g_E_22_4.mp4.zip,0,342,342
/+ROSE-YOUTU/train/12/G_NT_5s_g_E_22_3.mp4.zip,0,353,353
/+ROSE-YOUTU/train/12/G_NT_5s_g_E_22_2.mp4.zip,0,317,317
/+ROSE-YOUTU/train/12/G_NT_5s_g_E_22_1.mp4.zip,0,403,403
/+ROSE-YOUTU/train/2/G_NT_ZTE_wg_E_2_50.mp4.zip,0,182,182
/+ROSE-YOUTU/train/2/G_NT_ZTE_wg_E_2_49.mp4.zip,0,181,181
/+ROSE-YOUTU/train/2/G_NT_ZTE_wg_E_2_48.mp4.zip,0,145,177
/+ROSE-YOUTU/train/2/G_NT_ZTE_wg_E_2_47.mp4.zip,0,199,199
/+ROSE-YOUTU/train/2/G_NT_ZTE_wg_E_2_46.mp4.zip,0,227,227
/+ROSE-YOUTU/train/2/G_NT_ZTE_g_E_2_45.mp4.zip,0,177,177
/+ROSE-YOUTU/train/2/G_NT_ZTE_g_E_2_44.mp4.zip,0,179,190
/+ROSE-YOUTU/train/2/G_NT_ZTE_g_E_2_43.mp4.zip,0,226,226
/+ROSE-YOUTU/train/2/G_NT_ZTE_g_E_2_42.mp4.zip,0,196,196
/+ROSE-YOUTU/train/2/G_NT_ZTE_g_E_2_41.mp4.zip,0,288,288
/+ROSE-YOUTU/train/2/G_NT_IP_wg_E_2_40.mp4.zip,0,358,358
/+ROSE-YOUTU/train/2/G_NT_IP_wg_E_2_39.mp4.zip,0,362,362
/+ROSE-YOUTU/train/2/G_NT_IP_wg_E_2_38.mp4.zip,0,345,345
/+ROSE-YOUTU/train/2/G_NT_IP_wg_E_2_37.mp4.zip,0,376,376
/+ROSE-YOUTU/train/2/G_NT_IP_wg_E_2_36.mp4.zip,0,428,428
/+ROSE-YOUTU/train/2/G_NT_IP_g_E_2_35.mp4.zip,0,366,366
/+ROSE-YOUTU/train/2/G_NT_IP_g_E_2_34.mp4.zip,0,366,366
/+ROSE-YOUTU/train/2/G_NT_IP_g_E_2_33.mp4.zip,0,351,351
/+ROSE-YOUTU/train/2/G_NT_IP_g_E_2_32.mp4.zip,0,496,496
/+ROSE-YOUTU/train/2/G_NT_IP_g_E_2_31.mp4.zip,0,509,509
/+ROSE-YOUTU/train/2/G_NT_HW_wg_E_2_30.mp4.zip,0,274,274
/+ROSE-YOUTU/train/2/G_NT_HW_wg_E_2_29.mp4.zip,0,153,153
/+ROSE-YOUTU/train/2/G_NT_HW_wg_E_2_28.mp4.zip,0,141,141
/+ROSE-YOUTU/train/2/G_NT_HW_wg_E_2_27.mp4.zip,0,206,206
/+ROSE-YOUTU/train/2/G_NT_HW_wg_E_2_26.mp4.zip,0,233,233
/+ROSE-YOUTU/train/2/G_NT_HW_g_E_2_25.mp4.zip,0,180,180
/+ROSE-YOUTU/train/2/G_NT_HW_g_E_2_24.mp4.zip,0,287,291
/+ROSE-YOUTU/train/2/G_NT_HW_g_E_2_23.mp4.zip,0,192,192
/+ROSE-YOUTU/train/2/G_NT_HW_g_E_2_22.mp4.zip,0,192,192
/+ROSE-YOUTU/train/2/G_NT_HW_g_E_2_21.mp4.zip,0,194,194
/+ROSE-YOUTU/train/2/G_NT_HS_wg_E_2_20.mp4.zip,0,313,313
/+ROSE-YOUTU/train/2/G_NT_HS_wg_E_2_19.mp4.zip,0,332,332
/+ROSE-YOUTU/train/2/G_NT_HS_wg_E_2_18.mp4.zip,0,376,376
/+ROSE-YOUTU/train/2/G_NT_HS_wg_E_2_17.mp4.zip,0,382,382
/+ROSE-YOUTU/train/2/G_NT_HS_wg_E_2_16.mp4.zip,0,499,501
/+ROSE-YOUTU/train/2/G_NT_HS_g_E_2_15.mp4.zip,0,349,349
/+ROSE-YOUTU/train/2/G_NT_HS_g_E_2_14.mp4.zip,0,361,361
/+ROSE-YOUTU/train/2/G_NT_HS_g_E_2_13.mp4.zip,0,356,356
/+ROSE-YOUTU/train/2/G_NT_HS_g_E_2_12.mp4.zip,0,395,395
/+ROSE-YOUTU/train/2/G_NT_HS_g_E_2_11.mp4.zip,0,473,473
/+ROSE-YOUTU/train/2/G_NT_5s_wg_E_2_9.mp4.zip,0,350,350
/+ROSE-YOUTU/train/2/G_NT_5s_wg_E_2_8.mp4.zip,0,391,391
/+ROSE-YOUTU/train/2/G_NT_5s_wg_E_2_7.mp4.zip,0,337,337
/+ROSE-YOUTU/train/2/G_NT_5s_wg_E_2_6.mp4.zip,0,486,486
/+ROSE-YOUTU/train/2/G_NT_5s_wg_E_2_10.mp4.zip,0,332,332
/+ROSE-YOUTU/train/2/G_NT_5s_g_E_2_5.mp4.zip,0,364,364
/+ROSE-YOUTU/train/2/G_NT_5s_g_E_2_4.mp4.zip,0,376,376
/+ROSE-YOUTU/train/2/G_NT_5s_g_E_2_3.mp4.zip,0,383,383
/+ROSE-YOUTU/train/2/G_NT_5s_g_E_2_2.mp4.zip,0,372,372
/+ROSE-YOUTU/train/2/G_NT_5s_g_E_2_1.mp4.zip,0,337,337
/+ROSE-YOUTU/test/_13/G_NT_5s_g_E_4_1.mp4.zip,0,699,700
/+ROSE-YOUTU/test/_13/G_NT_5s_g_E_4_2.mp4.zip,0,628,628
/+ROSE-YOUTU/test/_13/G_NT_5s_g_E_4_3.mp4.zip,0,489,489
/+ROSE-YOUTU/test/_13/G_NT_5s_g_E_4_4.mp4.zip,0,493,493
/+ROSE-YOUTU/test/_13/G_NT_5s_g_E_4_5.mp4.zip,0,483,486
/+ROSE-YOUTU/test/_13/G_NT_5s_wg_E_4_10.mp4.zip,0,463,463
/+ROSE-YOUTU/test/_13/G_NT_5s_wg_E_4_6.mp4.zip,0,572,572
/+ROSE-YOUTU/test/_13/G_NT_5s_wg_E_4_7.mp4.zip,0,667,668
/+ROSE-YOUTU/test/_13/G_NT_5s_wg_E_4_8.mp4.zip,0,490,491
/+ROSE-YOUTU/test/_13/G_NT_5s_wg_E_4_9.mp4.zip,0,481,481
/+ROSE-YOUTU/test/_13/G_NT_HS_g_E_4_11.mp4.zip,0,643,643
/+ROSE-YOUTU/test/_13/G_NT_HS_g_E_4_12.mp4.zip,0,664,664
/+ROSE-YOUTU/test/_13/G_NT_HS_g_E_4_13.mp4.zip,0,519,521
/+ROSE-YOUTU/test/_13/G_NT_HS_g_E_4_14.mp4.zip,0,529,529
/+ROSE-YOUTU/test/_13/G_NT_HS_g_E_4_15.mp4.zip,0,463,465
/+ROSE-YOUTU/test/_13/G_NT_HS_wg_E_4_16.mp4.zip,0,609,609
/+ROSE-YOUTU/test/_13/G_NT_HS_wg_E_4_17.mp4.zip,0,604,604
/+ROSE-YOUTU/test/_13/G_NT_HS_wg_E_4_18.mp4.zip,0,489,489
/+ROSE-YOUTU/test/_13/G_NT_HS_wg_E_4_19.mp4.zip,0,455,455
/+ROSE-YOUTU/test/_13/G_NT_HS_wg_E_4_20.mp4.zip,0,442,442
/+ROSE-YOUTU/test/_13/G_NT_HW_g_E_4_21.mp4.zip,0,494,494
/+ROSE-YOUTU/test/_13/G_NT_HW_g_E_4_22.mp4.zip,0,335,335
/+ROSE-YOUTU/test/_13/G_NT_HW_g_E_4_23.mp4.zip,0,183,187
/+ROSE-YOUTU/test/_13/G_NT_HW_g_E_4_24.mp4.zip,0,211,212
/+ROSE-YOUTU/test/_13/G_NT_HW_g_E_4_25.mp4.zip,0,301,301
/+ROSE-YOUTU/test/_13/G_NT_HW_wg_E_4_26.mp4.zip,0,311,311
/+ROSE-YOUTU/test/_13/G_NT_HW_wg_E_4_27.mp4.zip,0,337,338
/+ROSE-YOUTU/test/_13/G_NT_HW_wg_E_4_28.mp4.zip,0,347,347
/+ROSE-YOUTU/test/_13/G_NT_HW_wg_E_4_29.mp4.zip,0,373,377
/+ROSE-YOUTU/test/_13/G_NT_HW_wg_E_4_30.mp4.zip,0,366,367
/+ROSE-YOUTU/test/_13/G_NT_IP_g_E_4_31.mp4.zip,0,580,580
/+ROSE-YOUTU/test/_13/G_NT_IP_g_E_4_32.mp4.zip,0,596,596
/+ROSE-YOUTU/test/_13/G_NT_IP_g_E_4_33.mp4.zip,0,427,427
/+ROSE-YOUTU/test/_13/G_NT_IP_g_E_4_34.mp4.zip,0,466,466
/+ROSE-YOUTU/test/_13/G_NT_IP_g_E_4_35.mp4.zip,0,443,443
/+ROSE-YOUTU/test/_13/G_NT_IP_wg_E_4_36.mp4.zip,0,406,406
/+ROSE-YOUTU/test/_13/G_NT_IP_wg_E_4_37.mp4.zip,0,412,412
/+ROSE-YOUTU/test/_13/G_NT_IP_wg_E_4_38.mp4.zip,0,432,432
/+ROSE-YOUTU/test/_13/G_NT_IP_wg_E_4_39.mp4.zip,0,440,440
/+ROSE-YOUTU/test/_13/G_NT_IP_wg_E_4_40.mp4.zip,0,406,406
/+ROSE-YOUTU/test/_13/G_NT_ZTE_g_E_4_41.mp4.zip,0,492,492
/+ROSE-YOUTU/test/_13/G_NT_ZTE_g_E_4_42.mp4.zip,0,337,337
/+ROSE-YOUTU/test/_13/G_NT_ZTE_g_E_4_43.mp4.zip,0,238,243
/+ROSE-YOUTU/test/_13/G_NT_ZTE_g_E_4_44.mp4.zip,0,236,239
/+ROSE-YOUTU/test/_13/G_NT_ZTE_g_E_4_45.mp4.zip,0,202,202
/+ROSE-YOUTU/test/_13/G_NT_ZTE_wg_E_4_46.mp4.zip,0,315,317
/+ROSE-YOUTU/test/_13/G_NT_ZTE_wg_E_4_47.mp4.zip,0,316,318
/+ROSE-YOUTU/test/_13/G_NT_ZTE_wg_E_4_48.mp4.zip,0,226,227
/+ROSE-YOUTU/test/_13/G_NT_ZTE_wg_E_4_49.mp4.zip,0,238,242
/+ROSE-YOUTU/test/_23/G_NT_ZTE_wg_E_23_25.mp4.zip,0,190,190
/+ROSE-YOUTU/test/_23/G_NT_ZTE_wg_E_23_24.mp4.zip,0,207,207
/+ROSE-YOUTU/test/_23/G_NT_ZTE_wg_E_23_23.mp4.zip,0,294,294
/+ROSE-YOUTU/test/_23/G_NT_ZTE_wg_E_23_22.mp4.zip,0,186,186
/+ROSE-YOUTU/test/_23/G_NT_ZTE_wg_E_23_21.mp4.zip,0,176,176
/+ROSE-YOUTU/test/_23/G_NT_IP_wg_E_23_20.mp4.zip,0,363,363
/+ROSE-YOUTU/test/_23/G_NT_IP_wg_E_23_19.mp4.zip,0,369,369
/+ROSE-YOUTU/test/_23/G_NT_IP_wg_E_23_18.mp4.zip,0,490,490
/+ROSE-YOUTU/test/_23/G_NT_IP_wg_E_23_17.mp4.zip,0,486,486
/+ROSE-YOUTU/test/_23/G_NT_IP_wg_E_23_16.mp4.zip,0,360,360
/+ROSE-YOUTU/test/_23/G_NT_HW_wg_E_23_15.mp4.zip,0,284,286
/+ROSE-YOUTU/test/_23/G_NT_HW_wg_E_23_14.mp4.zip,0,315,315
/+ROSE-YOUTU/test/_23/G_NT_HW_wg_E_23_13.mp4.zip,0,437,437
/+ROSE-YOUTU/test/_23/G_NT_HW_wg_E_23_12.mp4.zip,0,281,281
/+ROSE-YOUTU/test/_23/G_NT_HW_wg_E_23_11.mp4.zip,0,270,270
/+ROSE-YOUTU/test/_23/G_NT_HS_wg_E_23_9.mp4.zip,0,401,401
/+ROSE-YOUTU/test/_23/G_NT_HS_wg_E_23_8.mp4.zip,0,501,501
/+ROSE-YOUTU/test/_23/G_NT_HS_wg_E_23_7.mp4.zip,0,366,366
/+ROSE-YOUTU/test/_23/G_NT_HS_wg_E_23_6.mp4.zip,0,347,347
/+ROSE-YOUTU/test/_23/G_NT_HS_wg_E_23_10.mp4.zip,0,381,381
/+ROSE-YOUTU/test/_23/G_NT_5s_wg_E_23_5.mp4.zip,0,417,417
/+ROSE-YOUTU/test/_23/G_NT_5s_wg_E_23_4.mp4.zip,0,370,370
/+ROSE-YOUTU/test/_23/G_NT_5s_wg_E_23_3.mp4.zip,0,414,416
/+ROSE-YOUTU/test/_23/G_NT_5s_wg_E_23_2.mp4.zip,0,410,410
/+ROSE-YOUTU/test/_23/G_NT_5s_wg_E_23_1.mp4.zip,0,366,366
/+ROSE-YOUTU/test/_14/G_NT_IP_g_E_6_33.mp4.zip,0,359,359
/+ROSE-YOUTU/test/_14/G_NT_IP_g_E_6_34.mp4.zip,0,328,328
/+ROSE-YOUTU/test/_14/G_NT_IP_g_E_6_35.mp4.zip,0,454,454
/+ROSE-YOUTU/test/_14/G_NT_IP_wg_E_6_36.mp4.zip,0,389,389
/+ROSE-YOUTU/test/_14/G_NT_IP_wg_E_6_37.mp4.zip,0,411,411
/+ROSE-YOUTU/test/_14/G_NT_IP_wg_E_6_38.mp4.zip,0,352,352
/+ROSE-YOUTU/test/_14/G_NT_IP_wg_E_6_39.mp4.zip,0,337,337
/+ROSE-YOUTU/test/_14/G_NT_IP_wg_E_6_40.mp4.zip,0,437,437
/+ROSE-YOUTU/test/_14/G_NT_ZTE_g_E_6_41.mp4.zip,0,191,191
/+ROSE-YOUTU/test/_14/G_NT_ZTE_g_E_6_42.mp4.zip,0,271,284
/+ROSE-YOUTU/test/_14/G_NT_ZTE_g_E_6_43.mp4.zip,0,191,191
/+ROSE-YOUTU/test/_14/G_NT_ZTE_g_E_6_44.mp4.zip,0,178,178
/+ROSE-YOUTU/test/_14/G_NT_ZTE_g_E_6_45.mp4.zip,0,187,187
/+ROSE-YOUTU/test/_14/G_NT_ZTE_wg_E_6_46.mp4.zip,0,216,225
/+ROSE-YOUTU/test/_14/G_NT_ZTE_wg_E_6_47.mp4.zip,0,239,239
/+ROSE-YOUTU/test/_14/G_NT_ZTE_wg_E_6_48.mp4.zip,0,181,181
/+ROSE-YOUTU/test/_14/G_NT_ZTE_wg_E_6_49.mp4.zip,0,181,181
/+ROSE-YOUTU/test/_14/G_NT_ZTE_wg_E_6_50.mp4.zip,0,184,184
/+ROSE-YOUTU/test/_14/G_NT_5s_g_E_6_1.mp4.zip,0,543,560
/+ROSE-YOUTU/test/_14/G_NT_5s_g_E_6_2.mp4.zip,0,527,534
/+ROSE-YOUTU/test/_14/G_NT_5s_g_E_6_3.mp4.zip,0,435,435
/+ROSE-YOUTU/test/_14/G_NT_5s_g_E_6_4.mp4.zip,0,629,657
/+ROSE-YOUTU/test/_14/G_NT_5s_g_E_6_5.mp4.zip,0,335,335
/+ROSE-YOUTU/test/_14/G_NT_5s_wg_E_6_10.mp4.zip,0,416,416
/+ROSE-YOUTU/test/_14/G_NT_5s_wg_E_6_6.mp4.zip,0,449,473
/+ROSE-YOUTU/test/_14/G_NT_5s_wg_E_6_7.mp4.zip,0,430,430
/+ROSE-YOUTU/test/_14/G_NT_5s_wg_E_6_8.mp4.zip,0,378,378
/+ROSE-YOUTU/test/_14/G_NT_5s_wg_E_6_9.mp4.zip,0,415,415
/+ROSE-YOUTU/test/_14/G_NT_HS_g_E_6_11.mp4.zip,0,578,591
/+ROSE-YOUTU/test/_14/G_NT_HS_g_E_6_12.mp4.zip,0,513,523
/+ROSE-YOUTU/test/_14/G_NT_HS_g_E_6_13.mp4.zip,0,366,366
/+ROSE-YOUTU/test/_14/G_NT_HS_g_E_6_14.mp4.zip,0,606,637
/+ROSE-YOUTU/test/_14/G_NT_HS_g_E_6_15.mp4.zip,0,386,386
/+ROSE-YOUTU/test/_14/G_NT_HS_wg_E_6_16.mp4.zip,0,428,447
/+ROSE-YOUTU/test/_14/G_NT_HS_wg_E_6_17.mp4.zip,0,434,434
/+ROSE-YOUTU/test/_14/G_NT_HS_wg_E_6_18.mp4.zip,0,351,351
/+ROSE-YOUTU/test/_14/G_NT_HS_wg_E_6_19.mp4.zip,0,400,400
/+ROSE-YOUTU/test/_14/G_NT_HS_wg_E_6_20.mp4.zip,0,389,389
/+ROSE-YOUTU/test/_14/G_NT_HW_g_E_6_21.mp4.zip,0,278,278
/+ROSE-YOUTU/test/_14/G_NT_HW_g_E_6_22.mp4.zip,0,259,270
/+ROSE-YOUTU/test/_14/G_NT_HW_g_E_6_23.mp4.zip,0,302,302
/+ROSE-YOUTU/test/_14/G_NT_HW_g_E_6_24.mp4.zip,0,269,269
/+ROSE-YOUTU/test/_14/G_NT_HW_g_E_6_25.mp4.zip,0,277,277
/+ROSE-YOUTU/test/_14/G_NT_HW_wg_E_6_26.mp4.zip,0,214,223
/+ROSE-YOUTU/test/_14/G_NT_HW_wg_E_6_27.mp4.zip,0,235,235
/+ROSE-YOUTU/test/_14/G_NT_HW_wg_E_6_28.mp4.zip,0,265,265
/+ROSE-YOUTU/test/_14/G_NT_HW_wg_E_6_29.mp4.zip,0,282,282
/+ROSE-YOUTU/test/_14/G_NT_HW_wg_E_6_30.mp4.zip,0,276,276
/+ROSE-YOUTU/test/_14/G_NT_IP_g_E_6_31.mp4.zip,0,399,399
/+ROSE-YOUTU/test/_14/G_NT_IP_g_E_6_32.mp4.zip,0,371,371
/+ROSE-YOUTU/test/_15/G_NT_5s_wg_E_7_1.mp4.zip,0,349,349
/+ROSE-YOUTU/test/_15/G_NT_5s_wg_E_7_2.mp4.zip,0,333,333
/+ROSE-YOUTU/test/_15/G_NT_5s_wg_E_7_3.mp4.zip,0,339,339
/+ROSE-YOUTU/test/_15/G_NT_5s_wg_E_7_4.mp4.zip,0,271,271
/+ROSE-YOUTU/test/_15/G_NT_5s_wg_E_7_5.mp4.zip,0,337,337
/+ROSE-YOUTU/test/_15/G_NT_HS_wg_E_7_10.mp4.zip,0,374,374
/+ROSE-YOUTU/test/_15/G_NT_HS_wg_E_7_6.mp4.zip,0,427,427
/+ROSE-YOUTU/test/_15/G_NT_HS_wg_E_7_7.mp4.zip,0,406,406
/+ROSE-YOUTU/test/_15/G_NT_HS_wg_E_7_8.mp4.zip,0,376,376
/+ROSE-YOUTU/test/_15/G_NT_HS_wg_E_7_9.mp4.zip,0,765,826
/+ROSE-YOUTU/test/_15/G_NT_HW_wg_E_7_11.mp4.zip,0,469,489
/+ROSE-YOUTU/test/_15/G_NT_HW_wg_E_7_12.mp4.zip,0,246,246
/+ROSE-YOUTU/test/_15/G_NT_HW_wg_E_7_13.mp4.zip,0,218,218
/+ROSE-YOUTU/test/_15/G_NT_HW_wg_E_7_14.mp4.zip,0,307,307
/+ROSE-YOUTU/test/_15/G_NT_HW_wg_E_7_15.mp4.zip,0,377,377
/+ROSE-YOUTU/test/_15/G_NT_IP_wg_E_7_16.mp4.zip,0,291,381
/+ROSE-YOUTU/test/_15/G_NT_IP_wg_E_7_17.mp4.zip,0,499,499
/+ROSE-YOUTU/test/_15/G_NT_IP_wg_E_7_18.mp4.zip,0,384,384
/+ROSE-YOUTU/test/_15/G_NT_IP_wg_E_7_19.mp4.zip,0,358,358
/+ROSE-YOUTU/test/_15/G_NT_IP_wg_E_7_20.mp4.zip,0,456,456
/+ROSE-YOUTU/test/_15/G_NT_ZTE_wg_E_7_21.mp4.zip,0,208,208
/+ROSE-YOUTU/test/_15/G_NT_ZTE_wg_E_7_22.mp4.zip,0,190,190
/+ROSE-YOUTU/test/_15/G_NT_ZTE_wg_E_7_23.mp4.zip,0,176,176
/+ROSE-YOUTU/test/_15/G_NT_ZTE_wg_E_7_24.mp4.zip,0,231,231
/+ROSE-YOUTU/test/_15/G_NT_ZTE_wg_E_7_25.mp4.zip,0,210,215
/+ROSE-YOUTU/test/_16/G_NT_5s_wg_E_10_1.mp4.zip,0,415,415
/+ROSE-YOUTU/test/_16/G_NT_5s_wg_E_10_2.mp4.zip,0,363,363
/+ROSE-YOUTU/test/_16/G_NT_5s_wg_E_10_3.mp4.zip,0,395,395
/+ROSE-YOUTU/test/_16/G_NT_5s_wg_E_10_4.mp4.zip,0,385,385
/+ROSE-YOUTU/test/_16/G_NT_5s_wg_E_10_5.mp4.zip,0,386,386
/+ROSE-YOUTU/test/_16/G_NT_HS_wg_E_10_10.mp4.zip,0,375,375
/+ROSE-YOUTU/test/_16/G_NT_HS_wg_E_10_6.mp4.zip,0,400,400
/+ROSE-YOUTU/test/_16/G_NT_HS_wg_E_10_7.mp4.zip,0,348,348
/+ROSE-YOUTU/test/_16/G_NT_HS_wg_E_10_8.mp4.zip,0,380,380
/+ROSE-YOUTU/test/_16/G_NT_HS_wg_E_10_9.mp4.zip,0,372,372
/+ROSE-YOUTU/test/_16/G_NT_HW_wg_E_10_11.mp4.zip,0,184,184
/+ROSE-YOUTU/test/_16/G_NT_HW_wg_E_10_12.mp4.zip,0,321,321
/+ROSE-YOUTU/test/_16/G_NT_HW_wg_E_10_13.mp4.zip,0,268,268
/+ROSE-YOUTU/test/_16/G_NT_HW_wg_E_10_14.mp4.zip,0,176,176
/+ROSE-YOUTU/test/_16/G_NT_HW_wg_E_10_15.mp4.zip,0,176,178
/+ROSE-YOUTU/test/_16/G_NT_IP_wg_E_10_16.mp4.zip,0,390,390
/+ROSE-YOUTU/test/_16/G_NT_IP_wg_E_10_17.mp4.zip,0,371,371
/+ROSE-YOUTU/test/_16/G_NT_IP_wg_E_10_18.mp4.zip,0,350,350
/+ROSE-YOUTU/test/_16/G_NT_IP_wg_E_10_19.mp4.zip,0,383,383
/+ROSE-YOUTU/test/_16/G_NT_IP_wg_E_10_20.mp4.zip,0,347,347
/+ROSE-YOUTU/test/_16/G_NT_ZTE_wg_E_10_21.mp4.zip,0,186,186
/+ROSE-YOUTU/test/_16/G_NT_ZTE_wg_E_10_22.mp4.zip,0,219,219
/+ROSE-YOUTU/test/_16/G_NT_ZTE_wg_E_10_24.mp4.zip,0,174,174
/+ROSE-YOUTU/test/_16/G_NT_ZTE_wg_E_10_25.mp4.zip,0,195,195
/+ROSE-YOUTU/test/_22/G_NT_ZTE_wg_E_21_50.mp4.zip,0,168,171
/+ROSE-YOUTU/test/_22/G_NT_ZTE_wg_E_21_49.mp4.zip,0,141,184
/+ROSE-YOUTU/test/_22/G_NT_ZTE_wg_E_21_48.mp4.zip,0,202,202
/+ROSE-YOUTU/test/_22/G_NT_ZTE_wg_E_21_47.mp4.zip,0,178,184
/+ROSE-YOUTU/test/_22/G_NT_ZTE_wg_E_21_46.mp4.zip,0,147,152
/+ROSE-YOUTU/test/_22/G_NT_ZTE_g_E_21_45.mp4.zip,0,170,172
/+ROSE-YOUTU/test/_22/G_NT_ZTE_g_E_21_44.mp4.zip,0,79,178
/+ROSE-YOUTU/test/_22/G_NT_ZTE_g_E_21_43.mp4.zip,0,177,178
/+ROSE-YOUTU/test/_22/G_NT_ZTE_g_E_21_42.mp4.zip,0,172,176
/+ROSE-YOUTU/test/_22/G_NT_ZTE_g_E_21_41.mp4.zip,0,170,175
/+ROSE-YOUTU/test/_22/G_NT_IP_wg_E_21_40.mp4.zip,0,360,360
/+ROSE-YOUTU/test/_22/G_NT_IP_wg_E_21_39.mp4.zip,0,339,359
/+ROSE-YOUTU/test/_22/G_NT_IP_wg_E_21_38.mp4.zip,0,343,343
/+ROSE-YOUTU/test/_22/G_NT_IP_wg_E_21_37.mp4.zip,0,422,424
/+ROSE-YOUTU/test/_22/G_NT_IP_wg_E_21_36.mp4.zip,0,347,347
/+ROSE-YOUTU/test/_22/G_NT_IP_g_E_21_35.mp4.zip,0,341,341
/+ROSE-YOUTU/test/_22/G_NT_IP_g_E_21_34.mp4.zip,0,333,342
/+ROSE-YOUTU/test/_22/G_NT_IP_g_E_21_33.mp4.zip,0,339,339
/+ROSE-YOUTU/test/_22/G_NT_IP_g_E_21_32.mp4.zip,0,327,327
/+ROSE-YOUTU/test/_22/G_NT_IP_g_E_21_31.mp4.zip,0,393,393
/+ROSE-YOUTU/test/_22/G_NT_HW_wg_E_21_30.mp4.zip,0,281,283
/+ROSE-YOUTU/test/_22/G_NT_HW_wg_E_21_29.mp4.zip,0,233,275
/+ROSE-YOUTU/test/_22/G_NT_HW_wg_E_21_28.mp4.zip,0,303,305
/+ROSE-YOUTU/test/_22/G_NT_HW_wg_E_21_27.mp4.zip,0,162,164
/+ROSE-YOUTU/test/_22/G_NT_HW_wg_E_21_26.mp4.zip,0,122,123
/+ROSE-YOUTU/test/_22/G_NT_HW_g_E_21_25.mp4.zip,0,146,148
/+ROSE-YOUTU/test/_22/G_NT_HW_g_E_21_24.mp4.zip,0,192,282
/+ROSE-YOUTU/test/_22/G_NT_HW_g_E_21_23.mp4.zip,0,252,252
/+ROSE-YOUTU/test/_22/G_NT_HW_g_E_21_22.mp4.zip,0,183,184
/+ROSE-YOUTU/test/_22/G_NT_HW_g_E_21_21.mp4.zip,0,135,136
/+ROSE-YOUTU/test/_22/G_NT_HS_wg_E_21_20.mp4.zip,0,412,427
/+ROSE-YOUTU/test/_22/G_NT_HS_wg_E_21_19.mp4.zip,0,210,402
/+ROSE-YOUTU/test/_22/G_NT_HS_wg_E_21_18.mp4.zip,0,468,492
/+ROSE-YOUTU/test/_22/G_NT_HS_wg_E_21_17.mp4.zip,0,364,364
/+ROSE-YOUTU/test/_22/G_NT_HS_wg_E_21_16.mp4.zip,0,441,441
/+ROSE-YOUTU/test/_22/G_NT_HS_g_E_21_15.mp4.zip,0,137,386
/+ROSE-YOUTU/test/_22/G_NT_HS_g_E_21_14.mp4.zip,0,0,353
/+ROSE-YOUTU/test/_22/G_NT_HS_g_E_21_13.mp4.zip,0,399,417
/+ROSE-YOUTU/test/_22/G_NT_HS_g_E_21_12.mp4.zip,0,415,415
/+ROSE-YOUTU/test/_22/G_NT_HS_g_E_21_11.mp4.zip,0,471,510
/+ROSE-YOUTU/test/_22/G_NT_5s_wg_E_21_9.mp4.zip,0,401,414
/+ROSE-YOUTU/test/_22/G_NT_5s_wg_E_21_8.mp4.zip,0,544,544
/+ROSE-YOUTU/test/_22/G_NT_5s_wg_E_21_7.mp4.zip,0,437,438
/+ROSE-YOUTU/test/_22/G_NT_5s_wg_E_21_6.mp4.zip,0,389,392
/+ROSE-YOUTU/test/_22/G_NT_5s_wg_E_21_10.mp4.zip,0,440,445
/+ROSE-YOUTU/test/_22/G_NT_5s_g_E_21_5.mp4.zip,0,415,425
/+ROSE-YOUTU/test/_22/G_NT_5s_g_E_21_4.mp4.zip,0,367,396
/+ROSE-YOUTU/test/_22/G_NT_5s_g_E_21_3.mp4.zip,0,416,416
/+ROSE-YOUTU/test/_22/G_NT_5s_g_E_21_2.mp4.zip,0,352,365
/+ROSE-YOUTU/test/_22/G_NT_5s_g_E_21_1.mp4.zip,0,322,338
/+ROSE-YOUTU/test/_17/G_NT_ZTE_wg_E_11_50.mp4.zip,0,276,276
/+ROSE-YOUTU/test/_17/G_NT_ZTE_wg_E_11_49.mp4.zip,0,181,185
/+ROSE-YOUTU/test/_17/G_NT_ZTE_wg_E_11_48.mp4.zip,0,153,181
/+ROSE-YOUTU/test/_17/G_NT_ZTE_wg_E_11_47.mp4.zip,0,96,205
/+ROSE-YOUTU/test/_17/G_NT_ZTE_wg_E_11_46.mp4.zip,0,146,179
/+ROSE-YOUTU/test/_17/G_NT_ZTE_g_E_11_45.mp4.zip,0,146,179
/+ROSE-YOUTU/test/_17/G_NT_ZTE_g_E_11_44.mp4.zip,0,205,219
/+ROSE-YOUTU/test/_17/G_NT_ZTE_g_E_11_43.mp4.zip,0,183,183
/+ROSE-YOUTU/test/_17/G_NT_ZTE_g_E_11_42.mp4.zip,0,223,235
/+ROSE-YOUTU/test/_17/G_NT_ZTE_g_E_11_41.mp4.zip,0,167,214
/+ROSE-YOUTU/test/_17/G_NT_IP_wg_E_11_40.mp4.zip,0,238,343
/+ROSE-YOUTU/test/_17/G_NT_IP_wg_E_11_39.mp4.zip,0,335,344
/+ROSE-YOUTU/test/_17/G_NT_IP_wg_E_11_38.mp4.zip,0,338,338
/+ROSE-YOUTU/test/_17/G_NT_IP_wg_E_11_37.mp4.zip,0,352,388
/+ROSE-YOUTU/test/_17/G_NT_IP_wg_E_11_36.mp4.zip,0,400,462
/+ROSE-YOUTU/test/_17/G_NT_IP_g_E_11_35.mp4.zip,0,379,379
/+ROSE-YOUTU/test/_17/G_NT_IP_g_E_11_34.mp4.zip,0,77,383
/+ROSE-YOUTU/test/_17/G_NT_IP_g_E_11_33.mp4.zip,0,271,343
/+ROSE-YOUTU/test/_17/G_NT_IP_g_E_11_32.mp4.zip,0,395,419
/+ROSE-YOUTU/test/_17/G_NT_IP_g_E_11_31.mp4.zip,0,147,419
/+ROSE-YOUTU/test/_17/G_NT_HW_wg_E_11_30.mp4.zip,0,403,403
/+ROSE-YOUTU/test/_17/G_NT_HW_wg_E_11_29.mp4.zip,0,149,164
/+ROSE-YOUTU/test/_17/G_NT_HW_wg_E_11_28.mp4.zip,0,242,306
/+ROSE-YOUTU/test/_17/G_NT_HW_wg_E_11_27.mp4.zip,0,173,185
/+ROSE-YOUTU/test/_17/G_NT_HW_wg_E_11_26.mp4.zip,0,52,178
/+ROSE-YOUTU/test/_17/G_NT_HW_g_E_11_25.mp4.zip,0,194,248
/+ROSE-YOUTU/test/_17/G_NT_HW_g_E_11_24.mp4.zip,0,240,256
/+ROSE-YOUTU/test/_17/G_NT_HW_g_E_11_23.mp4.zip,0,265,271
/+ROSE-YOUTU/test/_17/G_NT_HW_g_E_11_22.mp4.zip,0,196,238
/+ROSE-YOUTU/test/_17/G_NT_HW_g_E_11_21.mp4.zip,0,96,176
/+ROSE-YOUTU/test/_17/G_NT_HS_wg_E_11_20.mp4.zip,0,306,306
/+ROSE-YOUTU/test/_17/G_NT_HS_wg_E_11_19.mp4.zip,0,323,323
/+ROSE-YOUTU/test/_17/G_NT_HS_wg_E_11_18.mp4.zip,0,404,404
/+ROSE-YOUTU/test/_17/G_NT_HS_wg_E_11_17.mp4.zip,0,369,430
/+ROSE-YOUTU/test/_17/G_NT_HS_wg_E_11_16.mp4.zip,0,316,407
/+ROSE-YOUTU/test/_17/G_NT_HS_g_E_11_15.mp4.zip,0,335,340
/+ROSE-YOUTU/test/_17/G_NT_HS_g_E_11_14.mp4.zip,0,152,380
/+ROSE-YOUTU/test/_17/G_NT_HS_g_E_11_13.mp4.zip,0,365,368
/+ROSE-YOUTU/test/_17/G_NT_HS_g_E_11_12.mp4.zip,0,355,417
/+ROSE-YOUTU/test/_17/G_NT_HS_g_E_11_11.mp4.zip,0,228,380
/+ROSE-YOUTU/test/_17/G_NT_5s_wg_E_11_9.mp4.zip,0,291,307
/+ROSE-YOUTU/test/_17/G_NT_5s_wg_E_11_8.mp4.zip,0,318,333
/+ROSE-YOUTU/test/_17/G_NT_5s_wg_E_11_7.mp4.zip,0,369,436
/+ROSE-YOUTU/test/_17/G_NT_5s_wg_E_11_6.mp4.zip,0,370,372
/+ROSE-YOUTU/test/_17/G_NT_5s_wg_E_11_10.mp4.zip,0,334,337
/+ROSE-YOUTU/test/_17/G_NT_5s_g_E_11_5.mp4.zip,0,357,357
/+ROSE-YOUTU/test/_17/G_NT_5s_g_E_11_4.mp4.zip,0,111,367
/+ROSE-YOUTU/test/_17/G_NT_5s_g_E_11_3.mp4.zip,0,216,393
/+ROSE-YOUTU/test/_17/G_NT_5s_g_E_11_2.mp4.zip,0,315,413
/+ROSE-YOUTU/test/_17/G_NT_5s_g_E_11_1.mp4.zip,0,398,398
/+ROSE-YOUTU/test/_21/G_NT_ZTE_wg_E_18_50.mp4.zip,0,163,163
/+ROSE-YOUTU/test/_21/G_NT_ZTE_wg_E_18_49.mp4.zip,0,160,160
/+ROSE-YOUTU/test/_21/G_NT_ZTE_wg_E_18_48.mp4.zip,0,331,331
/+ROSE-YOUTU/test/_21/G_NT_ZTE_wg_E_18_47.mp4.zip,0,312,312
/+ROSE-YOUTU/test/_21/G_NT_ZTE_wg_E_18_46.mp4.zip,0,333,333
/+ROSE-YOUTU/test/_21/G_NT_ZTE_g_E_18_45.mp4.zip,0,186,186
/+ROSE-YOUTU/test/_21/G_NT_ZTE_g_E_18_44.mp4.zip,0,330,330
/+ROSE-YOUTU/test/_21/G_NT_ZTE_g_E_18_43.mp4.zip,0,303,303
/+ROSE-YOUTU/test/_21/G_NT_ZTE_g_E_18_42.mp4.zip,0,333,333
/+ROSE-YOUTU/test/_21/G_NT_IP_wg_E_18_40.mp4.zip,0,334,334
/+ROSE-YOUTU/test/_21/G_NT_IP_wg_E_18_39.mp4.zip,0,346,346
/+ROSE-YOUTU/test/_21/G_NT_IP_wg_E_18_38.mp4.zip,0,386,386
/+ROSE-YOUTU/test/_21/G_NT_IP_wg_E_18_37.mp4.zip,0,350,350
/+ROSE-YOUTU/test/_21/G_NT_IP_wg_E_18_36.mp4.zip,0,345,345
/+ROSE-YOUTU/test/_21/G_NT_IP_g_E_18_35.mp4.zip,0,339,339
/+ROSE-YOUTU/test/_21/G_NT_IP_g_E_18_34.mp4.zip,0,374,374
/+ROSE-YOUTU/test/_21/G_NT_IP_g_E_18_33.mp4.zip,0,342,342
/+ROSE-YOUTU/test/_21/G_NT_IP_g_E_18_32.mp4.zip,0,349,349
/+ROSE-YOUTU/test/_21/G_NT_IP_g_E_18_31.mp4.zip,0,362,362
/+ROSE-YOUTU/test/_21/G_NT_HW_wg_E_18_30.mp4.zip,0,174,174
/+ROSE-YOUTU/test/_21/G_NT_HW_wg_E_18_29.mp4.zip,0,169,169
/+ROSE-YOUTU/test/_21/G_NT_HW_wg_E_18_28.mp4.zip,0,170,170
/+ROSE-YOUTU/test/_21/G_NT_HW_wg_E_18_27.mp4.zip,0,169,169
/+ROSE-YOUTU/test/_21/G_NT_HW_wg_E_18_26.mp4.zip,0,168,168
/+ROSE-YOUTU/test/_21/G_NT_HW_g_E_18_25.mp4.zip,0,167,167
/+ROSE-YOUTU/test/_21/G_NT_HW_g_E_18_24.mp4.zip,0,179,179
/+ROSE-YOUTU/test/_21/G_NT_HW_g_E_18_23.mp4.zip,0,164,164
/+ROSE-YOUTU/test/_21/G_NT_HW_g_E_18_22.mp4.zip,0,181,181
/+ROSE-YOUTU/test/_21/G_NT_HW_g_E_18_21.mp4.zip,0,161,161
/+ROSE-YOUTU/test/_21/G_NT_HS_wg_E_18_20.mp4.zip,0,337,337
/+ROSE-YOUTU/test/_21/G_NT_HS_wg_E_18_19.mp4.zip,0,368,368
/+ROSE-YOUTU/test/_21/G_NT_HS_wg_E_18_18.mp4.zip,0,359,359
/+ROSE-YOUTU/test/_21/G_NT_HS_wg_E_18_17.mp4.zip,0,352,352
/+ROSE-YOUTU/test/_21/G_NT_HS_wg_E_18_16.mp4.zip,0,364,364
/+ROSE-YOUTU/test/_21/G_NT_HS_g_E_18_15.mp4.zip,0,335,335
/+ROSE-YOUTU/test/_21/G_NT_HS_g_E_18_14.mp4.zip,0,335,335
/+ROSE-YOUTU/test/_21/G_NT_HS_g_E_18_13.mp4.zip,0,367,367
/+ROSE-YOUTU/test/_21/G_NT_HS_g_E_18_12.mp4.zip,0,356,356
/+ROSE-YOUTU/test/_21/G_NT_HS_g_E_18_11.mp4.zip,0,351,351
/+ROSE-YOUTU/test/_21/G_NT_5s_wg_E_18_9.mp4.zip,0,333,333
/+ROSE-YOUTU/test/_21/G_NT_5s_wg_E_18_8.mp4.zip,0,326,326
/+ROSE-YOUTU/test/_21/G_NT_5s_wg_E_18_7.mp4.zip,0,320,320
/+ROSE-YOUTU/test/_21/G_NT_5s_wg_E_18_6.mp4.zip,0,330,330
/+ROSE-YOUTU/test/_21/G_NT_5s_wg_E_18_10.mp4.zip,0,330,330
/+ROSE-YOUTU/test/_21/G_NT_5s_g_E_18_5.mp4.zip,0,300,300
/+ROSE-YOUTU/test/_21/G_NT_5s_g_E_18_4.mp4.zip,0,327,327
/+ROSE-YOUTU/test/_21/G_NT_5s_g_E_18_3.mp4.zip,0,330,330
/+ROSE-YOUTU/test/_21/G_NT_5s_g_E_18_2.mp4.zip,0,337,337
/+ROSE-YOUTU/test/_21/G_NT_5s_g_E_18_1.mp4.zip,0,328,328
/+ROSE-YOUTU/test/_20/G_NT_ZTE_wg_E_17_50.mp4.zip,0,159,159
/+ROSE-YOUTU/test/_20/G_NT_ZTE_wg_E_17_49.mp4.zip,0,187,187
/+ROSE-YOUTU/test/_20/G_NT_ZTE_wg_E_17_48.mp4.zip,0,213,213
/+ROSE-YOUTU/test/_20/G_NT_ZTE_wg_E_17_47.mp4.zip,0,212,212
/+ROSE-YOUTU/test/_20/G_NT_ZTE_wg_E_17_46.mp4.zip,0,202,208
/+ROSE-YOUTU/test/_20/G_NT_ZTE_g_E_17_45.mp4.zip,0,182,182
/+ROSE-YOUTU/test/_20/G_NT_ZTE_g_E_17_44.mp4.zip,0,180,180
/+ROSE-YOUTU/test/_20/G_NT_ZTE_g_E_17_43.mp4.zip,0,191,191
/+ROSE-YOUTU/test/_20/G_NT_ZTE_g_E_17_42.mp4.zip,0,203,203
/+ROSE-YOUTU/test/_20/G_NT_ZTE_g_E_17_41.mp4.zip,0,216,216
/+ROSE-YOUTU/test/_20/G_NT_IP_wg_E_17_40.mp4.zip,0,356,357
/+ROSE-YOUTU/test/_20/G_NT_IP_wg_E_17_39.mp4.zip,0,353,353
/+ROSE-YOUTU/test/_20/G_NT_IP_wg_E_17_38.mp4.zip,0,404,404
/+ROSE-YOUTU/test/_20/G_NT_IP_wg_E_17_37.mp4.zip,0,371,371
/+ROSE-YOUTU/test/_20/G_NT_IP_wg_E_17_36.mp4.zip,0,423,423
/+ROSE-YOUTU/test/_20/G_NT_IP_g_E_17_35.mp4.zip,0,370,370
/+ROSE-YOUTU/test/_20/G_NT_IP_g_E_17_34.mp4.zip,0,353,357
/+ROSE-YOUTU/test/_20/G_NT_IP_g_E_17_33.mp4.zip,0,164,368
/+ROSE-YOUTU/test/_20/G_NT_IP_g_E_17_32.mp4.zip,0,331,331
/+ROSE-YOUTU/test/_20/G_NT_IP_g_E_17_31.mp4.zip,0,445,445
/+ROSE-YOUTU/test/_20/G_NT_HW_wg_E_17_30.mp4.zip,0,220,220
/+ROSE-YOUTU/test/_20/G_NT_HW_wg_E_17_29.mp4.zip,0,268,269
/+ROSE-YOUTU/test/_20/G_NT_HW_wg_E_17_28.mp4.zip,0,334,334
/+ROSE-YOUTU/test/_20/G_NT_HW_wg_E_17_27.mp4.zip,0,174,174
/+ROSE-YOUTU/test/_20/G_NT_HW_wg_E_17_26.mp4.zip,0,133,189
/+ROSE-YOUTU/test/_20/G_NT_HW_g_E_17_25.mp4.zip,0,331,331
/+ROSE-YOUTU/test/_20/G_NT_HW_g_E_17_24.mp4.zip,0,239,239
/+ROSE-YOUTU/test/_20/G_NT_HW_g_E_17_23.mp4.zip,0,204,204
/+ROSE-YOUTU/test/_20/G_NT_HW_g_E_17_22.mp4.zip,0,197,197
/+ROSE-YOUTU/test/_20/G_NT_HW_g_E_17_21.mp4.zip,0,146,192
/+ROSE-YOUTU/test/_20/G_NT_HS_wg_E_17_20.mp4.zip,0,465,465
/+ROSE-YOUTU/test/_20/G_NT_HS_wg_E_17_19.mp4.zip,0,391,391
/+ROSE-YOUTU/test/_20/G_NT_HS_wg_E_17_18.mp4.zip,0,435,435
/+ROSE-YOUTU/test/_20/G_NT_HS_wg_E_17_17.mp4.zip,0,396,396
/+ROSE-YOUTU/test/_20/G_NT_HS_wg_E_17_16.mp4.zip,0,584,584
/+ROSE-YOUTU/test/_20/G_NT_HS_g_E_17_15.mp4.zip,0,530,530
/+ROSE-YOUTU/test/_20/G_NT_HS_g_E_17_14.mp4.zip,0,398,454
/+ROSE-YOUTU/test/_20/G_NT_HS_g_E_17_13.mp4.zip,0,459,459
/+ROSE-YOUTU/test/_20/G_NT_HS_g_E_17_12.mp4.zip,0,311,417
/+ROSE-YOUTU/test/_20/G_NT_HS_g_E_17_11.mp4.zip,0,460,460
/+ROSE-YOUTU/test/_20/G_NT_5s_wg_E_17_9.mp4.zip,0,375,375
/+ROSE-YOUTU/test/_20/G_NT_5s_wg_E_17_8.mp4.zip,0,380,380
/+ROSE-YOUTU/test/_20/G_NT_5s_wg_E_17_7.mp4.zip,0,441,441
/+ROSE-YOUTU/test/_20/G_NT_5s_wg_E_17_6.mp4.zip,0,489,489
/+ROSE-YOUTU/test/_20/G_NT_5s_wg_E_17_10.mp4.zip,0,359,359
/+ROSE-YOUTU/test/_20/G_NT_5s_g_E_17_5.mp4.zip,0,380,380
/+ROSE-YOUTU/test/_20/G_NT_5s_g_E_17_4.mp4.zip,0,370,370
/+ROSE-YOUTU/test/_20/G_NT_5s_g_E_17_3.mp4.zip,0,393,393
/+ROSE-YOUTU/test/_20/G_NT_5s_g_E_17_2.mp4.zip,0,340,384
/+ROSE-YOUTU/test/_20/G_NT_5s_g_E_17_1.mp4.zip,0,427,427
/+ROSE-YOUTU/test/_18/G_NT_HS_wg_E_14_17.mp4.zip,0,383,383
/+ROSE-YOUTU/test/_18/G_NT_HS_wg_E_14_16.mp4.zip,0,485,504
/+ROSE-YOUTU/test/_18/G_NT_HS_g_E_14_15.mp4.zip,0,416,418
/+ROSE-YOUTU/test/_18/G_NT_HS_g_E_14_14.mp4.zip,0,367,367
/+ROSE-YOUTU/test/_18/G_NT_HS_g_E_14_13.mp4.zip,0,378,378
/+ROSE-YOUTU/test/_18/G_NT_HS_g_E_14_12.mp4.zip,0,392,392
/+ROSE-YOUTU/test/_18/G_NT_HS_g_E_14_11.mp4.zip,0,336,336
/+ROSE-YOUTU/test/_18/G_NT_5s_wg_E_14_9.mp4.zip,0,366,366
/+ROSE-YOUTU/test/_18/G_NT_5s_wg_E_14_8.mp4.zip,0,372,372
/+ROSE-YOUTU/test/_18/G_NT_5s_wg_E_14_7.mp4.zip,0,373,373
/+ROSE-YOUTU/test/_18/G_NT_5s_wg_E_14_6.mp4.zip,0,371,371
/+ROSE-YOUTU/test/_18/G_NT_5s_wg_E_14_10.mp4.zip,0,414,414
/+ROSE-YOUTU/test/_18/G_NT_5s_g_E_14_5.mp4.zip,0,342,342
/+ROSE-YOUTU/test/_18/G_NT_5s_g_E_14_4.mp4.zip,0,339,339
/+ROSE-YOUTU/test/_18/G_NT_5s_g_E_14_3.mp4.zip,0,350,350
/+ROSE-YOUTU/test/_18/G_NT_5s_g_E_14_2.mp4.zip,0,344,344
/+ROSE-YOUTU/test/_18/G_NT_5s_g_E_14_1.mp4.zip,0,312,312
/+ROSE-YOUTU/test/_18/G_NT_ZTE_wg_E_14_50.mp4.zip,0,198,198
/+ROSE-YOUTU/test/_18/G_NT_ZTE_wg_E_14_49.mp4.zip,0,179,179
/+ROSE-YOUTU/test/_18/G_NT_ZTE_wg_E_14_48.mp4.zip,0,183,183
/+ROSE-YOUTU/test/_18/G_NT_ZTE_wg_E_14_47.mp4.zip,0,179,179
/+ROSE-YOUTU/test/_18/G_NT_ZTE_wg_E_14_46.mp4.zip,0,181,181
/+ROSE-YOUTU/test/_18/G_NT_ZTE_g_E_14_45.mp4.zip,0,166,166
/+ROSE-YOUTU/test/_18/G_NT_ZTE_g_E_14_44.mp4.zip,0,164,164
/+ROSE-YOUTU/test/_18/G_NT_ZTE_g_E_14_43.mp4.zip,0,166,166
/+ROSE-YOUTU/test/_18/G_NT_ZTE_g_E_14_42.mp4.zip,0,165,165
/+ROSE-YOUTU/test/_18/G_NT_ZTE_g_E_14_41.mp4.zip,0,195,195
/+ROSE-YOUTU/test/_18/G_NT_IP_wg_E_14_40.mp4.zip,0,450,450
/+ROSE-YOUTU/test/_18/G_NT_IP_wg_E_14_39.mp4.zip,0,340,340
/+ROSE-YOUTU/test/_18/G_NT_IP_wg_E_14_38.mp4.zip,0,353,353
/+ROSE-YOUTU/test/_18/G_NT_IP_wg_E_14_37.mp4.zip,0,324,348
/+ROSE-YOUTU/test/_18/G_NT_IP_wg_E_14_36.mp4.zip,0,366,366
/+ROSE-YOUTU/test/_18/G_NT_IP_g_E_14_35.mp4.zip,0,361,361
/+ROSE-YOUTU/test/_18/G_NT_IP_g_E_14_34.mp4.zip,0,354,354
/+ROSE-YOUTU/test/_18/G_NT_IP_g_E_14_33.mp4.zip,0,351,406
/+ROSE-YOUTU/test/_18/G_NT_IP_g_E_14_32.mp4.zip,0,335,335
/+ROSE-YOUTU/test/_18/G_NT_IP_g_E_14_31.mp4.zip,0,369,387
/+ROSE-YOUTU/test/_18/G_NT_HW_wg_E_14_30.mp4.zip,0,194,194
/+ROSE-YOUTU/test/_18/G_NT_HW_wg_E_14_29.mp4.zip,0,186,186
/+ROSE-YOUTU/test/_18/G_NT_HW_wg_E_14_28.mp4.zip,0,277,277
/+ROSE-YOUTU/test/_18/G_NT_HW_wg_E_14_27.mp4.zip,0,313,313
/+ROSE-YOUTU/test/_18/G_NT_HW_wg_E_14_26.mp4.zip,0,346,346
/+ROSE-YOUTU/test/_18/G_NT_HW_g_E_14_25.mp4.zip,0,210,213
/+ROSE-YOUTU/test/_18/G_NT_HW_g_E_14_24.mp4.zip,0,185,185
/+ROSE-YOUTU/test/_18/G_NT_HW_g_E_14_23.mp4.zip,0,290,290
/+ROSE-YOUTU/test/_18/G_NT_HW_g_E_14_22.mp4.zip,0,202,202
/+ROSE-YOUTU/test/_18/G_NT_HW_g_E_14_21.mp4.zip,0,250,250
/+ROSE-YOUTU/test/_18/G_NT_HS_wg_E_14_20.mp4.zip,0,371,371
/+ROSE-YOUTU/test/_18/G_NT_HS_wg_E_14_19.mp4.zip,0,368,368
/+ROSE-YOUTU/test/_18/G_NT_HS_wg_E_14_18.mp4.zip,0,360,360
