/+SiW/Train/live/003/003-1-1-1-1.mov.zip,0,568,568
/+SiW/Train/live/003/003-1-1-1-2.mov.zip,0,692,693
/+SiW/Train/live/003/003-1-1-2-1.mov.zip,0,557,605
/+SiW/Train/live/003/003-1-1-2-2.mov.zip,0,981,1018
/+SiW/Train/live/003/003-2-1-1-1.mov.zip,0,1197,1197
/+SiW/Train/live/003/003-2-1-1-2.mov.zip,0,1398,1398
/+SiW/Train/live/003/003-2-1-2-1.mov.zip,0,1588,1716
/+SiW/Train/live/003/003-2-1-2-2.mov.zip,0,1986,2075
/+SiW/Train/live/030/030-1-1-1-1.mov.zip,0,891,891
/+SiW/Train/live/030/030-1-1-1-2.mov.zip,0,767,787
/+SiW/Train/live/030/030-1-1-2-1.mov.zip,0,605,940
/+SiW/Train/live/030/030-1-1-2-2.mov.zip,0,783,783
/+SiW/Train/live/030/030-2-1-1-1.mov.zip,0,1847,1847
/+SiW/Train/live/030/030-2-1-1-2.mov.zip,0,1554,1554
/+SiW/Train/live/030/030-2-1-2-1.mov.zip,0,1125,1884
/+SiW/Train/live/030/030-2-1-2-2.mov.zip,0,1578,1578
/+SiW/Train/live/006/006-1-1-1-1.mov.zip,0,731,731
/+SiW/Train/live/006/006-1-1-1-2.mov.zip,0,849,849
/+SiW/Train/live/006/006-1-1-2-1.mov.zip,0,437,642
/+SiW/Train/live/006/006-2-1-1-1.mov.zip,0,1499,1499
/+SiW/Train/live/006/006-2-1-1-2.mov.zip,0,1721,1721
/+SiW/Train/live/006/006-2-1-2-1.mov.zip,0,878,1304
/+SiW/Train/live/062/062-1-1-1-1.mov.zip,0,545,545
/+SiW/Train/live/062/062-2-1-1-1.mov.zip,0,1159,1159
/+SiW/Train/live/062/062-2-1-1-2.mov.zip,0,1487,1488
/+SiW/Train/live/062/062-2-1-2-1.mov.zip,0,971,971
/+SiW/Train/live/045/045-1-1-1-1.mov.zip,0,647,711
/+SiW/Train/live/045/045-1-1-1-2.mov.zip,0,572,665
/+SiW/Train/live/045/045-1-1-2-1.mov.zip,0,457,665
/+SiW/Train/live/045/045-1-1-2-2.mov.zip,0,257,677
/+SiW/Train/live/045/045-2-1-1-1.mov.zip,0,1469,1487
/+SiW/Train/live/045/045-2-1-1-2.mov.zip,0,1114,1199
/+SiW/Train/live/045/045-2-1-2-1.mov.zip,0,1085,1385
/+SiW/Train/live/045/045-2-1-2-2.mov.zip,0,828,1403
/+SiW/Train/live/111/111-1-1-1-1.mov.zip,0,566,566
/+SiW/Train/live/111/111-1-1-1-2.mov.zip,0,635,635
/+SiW/Train/live/111/111-1-1-2-1.mov.zip,0,499,656
/+SiW/Train/live/111/111-1-1-2-2.mov.zip,0,570,772
/+SiW/Train/live/111/111-2-1-1-1.mov.zip,0,1178,1178
/+SiW/Train/live/111/111-2-1-1-2.mov.zip,0,1161,1161
/+SiW/Train/live/111/111-2-1-2-1.mov.zip,0,1123,1428
/+SiW/Train/live/111/111-2-1-2-2.mov.zip,0,1222,1577
/+SiW/Train/live/032/032-1-1-1-1.mov.zip,0,835,835
/+SiW/Train/live/032/032-1-1-1-2.mov.zip,0,761,761
/+SiW/Train/live/032/032-1-1-2-1.mov.zip,0,628,946
/+SiW/Train/live/032/032-1-1-2-2.mov.zip,0,610,746
/+SiW/Train/live/032/032-2-1-1-1.mov.zip,0,1699,1699
/+SiW/Train/live/032/032-2-1-1-2.mov.zip,0,1537,1537
/+SiW/Train/live/032/032-2-1-2-1.mov.zip,0,1338,1949
/+SiW/Train/live/032/032-2-1-2-2.mov.zip,0,1305,1535
/+SiW/Train/live/078/078-1-1-1-1.mov.zip,0,718,718
/+SiW/Train/live/078/078-1-1-1-2.mov.zip,0,635,635
/+SiW/Train/live/078/078-1-1-2-1.mov.zip,0,556,675
/+SiW/Train/live/078/078-1-1-2-2.mov.zip,0,518,703
/+SiW/Train/live/078/078-2-1-1-1.mov.zip,0,1160,1387
/+SiW/Train/live/078/078-2-1-1-2.mov.zip,0,1367,1367
/+SiW/Train/live/078/078-2-1-2-1.mov.zip,0,1513,1513
/+SiW/Train/live/078/078-2-1-2-2.mov.zip,0,983,1297
/+SiW/Train/live/007/007-1-1-1-1.mov.zip,0,455,455
/+SiW/Train/live/007/007-1-1-1-2.mov.zip,0,699,711
/+SiW/Train/live/007/007-1-1-2-1.mov.zip,0,442,620
/+SiW/Train/live/007/007-1-1-2-2.mov.zip,0,686,805
/+SiW/Train/live/007/007-2-1-1-1.mov.zip,0,1043,1043
/+SiW/Train/live/007/007-2-1-1-2.mov.zip,0,1551,1613
/+SiW/Train/live/007/007-2-1-2-1.mov.zip,0,904,1277
/+SiW/Train/live/007/007-2-1-2-2.mov.zip,0,1401,1631
/+SiW/Train/live/046/046-1-1-1-1.mov.zip,0,448,448
/+SiW/Train/live/046/046-1-1-1-2.mov.zip,0,584,584
/+SiW/Train/live/046/046-1-1-2-1.mov.zip,0,407,425
/+SiW/Train/live/046/046-1-1-2-2.mov.zip,0,513,568
/+SiW/Train/live/046/046-2-1-1-1.mov.zip,0,962,962
/+SiW/Train/live/046/046-2-1-1-2.mov.zip,0,1209,1209
/+SiW/Train/live/046/046-2-1-2-1.mov.zip,0,841,877
/+SiW/Train/live/046/046-2-1-2-2.mov.zip,0,1064,1162
/+SiW/Train/live/063/063-1-1-1-1.mov.zip,0,627,627
/+SiW/Train/live/063/063-1-1-1-2.mov.zip,0,623,623
/+SiW/Train/live/063/063-1-1-2-1.mov.zip,0,462,506
/+SiW/Train/live/063/063-1-1-2-2.mov.zip,0,503,639
/+SiW/Train/live/063/063-2-1-1-1.mov.zip,0,1004,1089
/+SiW/Train/live/063/063-2-1-1-2.mov.zip,0,1256,1256
/+SiW/Train/live/063/063-2-1-2-1.mov.zip,0,1337,1337
/+SiW/Train/live/063/063-2-1-2-2.mov.zip,0,1039,1321
/+SiW/Train/live/143/143-1-1-1-1.mov.zip,0,832,832
/+SiW/Train/live/143/143-1-1-1-2.mov.zip,0,807,807
/+SiW/Train/live/143/143-1-1-2-1.mov.zip,0,376,433
/+SiW/Train/live/143/143-1-1-2-2.mov.zip,0,465,552
/+SiW/Train/live/143/143-2-1-1-1.mov.zip,0,817,907
/+SiW/Train/live/143/143-2-1-1-2.mov.zip,0,887,999
/+SiW/Train/live/143/143-2-1-2-1.mov.zip,0,1587,1587
/+SiW/Train/live/143/143-2-1-2-2.mov.zip,0,1623,1623
/+SiW/Train/live/127/127-1-1-1-1.mov.zip,0,533,533
/+SiW/Train/live/127/127-1-1-1-2.mov.zip,0,573,573
/+SiW/Train/live/127/127-1-1-2-1.mov.zip,0,351,351
/+SiW/Train/live/127/127-1-1-2-2.mov.zip,0,376,376
/+SiW/Train/live/127/127-2-1-1-1.mov.zip,0,1103,1103
/+SiW/Train/live/127/127-2-1-1-2.mov.zip,0,1185,1185
/+SiW/Train/live/127/127-2-1-2-1.mov.zip,0,708,708
/+SiW/Train/live/127/127-2-1-2-2.mov.zip,0,755,755
/+SiW/Train/live/098/098-1-1-1-1.mov.zip,0,543,543
/+SiW/Train/live/098/098-1-1-1-2.mov.zip,0,763,791
/+SiW/Train/live/098/098-1-1-2-1.mov.zip,0,276,606
/+SiW/Train/live/098/098-1-1-2-2.mov.zip,0,527,628
/+SiW/Train/live/098/098-2-1-1-1.mov.zip,0,1131,1131
/+SiW/Train/live/098/098-2-1-1-2.mov.zip,0,1621,1631
/+SiW/Train/live/098/098-2-1-2-1.mov.zip,0,573,1254
/+SiW/Train/live/098/098-2-1-2-2.mov.zip,0,1150,1283
/+SiW/Train/live/033/033-1-1-1-1.mov.zip,0,490,490
/+SiW/Train/live/033/033-1-1-1-2.mov.zip,0,641,641
/+SiW/Train/live/033/033-1-1-2-1.mov.zip,0,380,496
/+SiW/Train/live/033/033-1-1-2-2.mov.zip,0,654,718
/+SiW/Train/live/033/033-2-1-1-1.mov.zip,0,1067,1067
/+SiW/Train/live/033/033-2-1-1-2.mov.zip,0,1333,1333
/+SiW/Train/live/033/033-2-1-2-1.mov.zip,0,807,1027
/+SiW/Train/live/033/033-2-1-2-2.mov.zip,0,1361,1457
/+SiW/Train/live/112/112-1-1-1-1.mov.zip,0,667,667
/+SiW/Train/live/112/112-1-1-1-2.mov.zip,0,741,741
/+SiW/Train/live/112/112-1-1-2-1.mov.zip,0,533,675
/+SiW/Train/live/112/112-1-1-2-2.mov.zip,0,544,755
/+SiW/Train/live/112/112-2-1-1-1.mov.zip,0,1393,1393
/+SiW/Train/live/112/112-2-1-1-2.mov.zip,0,1494,1494
/+SiW/Train/live/112/112-2-1-2-1.mov.zip,0,1143,1442
/+SiW/Train/live/112/112-2-1-2-2.mov.zip,0,941,1374
/+SiW/Train/live/080/080-1-1-1-1.mov.zip,0,519,519
/+SiW/Train/live/080/080-1-1-1-2.mov.zip,0,655,655
/+SiW/Train/live/080/080-1-1-2-1.mov.zip,0,604,661
/+SiW/Train/live/080/080-1-1-2-2.mov.zip,0,594,632
/+SiW/Train/live/080/080-2-1-1-1.mov.zip,0,897,897
/+SiW/Train/live/080/080-2-1-1-2.mov.zip,0,1367,1367
/+SiW/Train/live/080/080-2-1-2-1.mov.zip,0,1217,1362
/+SiW/Train/live/080/080-2-1-2-2.mov.zip,0,1221,1311
/+SiW/Train/live/068/068-1-1-1-1.mov.zip,0,449,449
/+SiW/Train/live/068/068-1-1-1-2.mov.zip,0,537,537
/+SiW/Train/live/068/068-1-1-2-1.mov.zip,0,528,612
/+SiW/Train/live/068/068-1-1-2-2.mov.zip,0,544,646
/+SiW/Train/live/068/068-2-1-1-1.mov.zip,0,950,950
/+SiW/Train/live/068/068-2-1-1-2.mov.zip,0,1097,1097
/+SiW/Train/live/068/068-2-1-2-1.mov.zip,0,1073,1286
/+SiW/Train/live/068/068-2-1-2-2.mov.zip,0,988,1165
/+SiW/Train/live/047/047-1-1-1-1.mov.zip,0,536,536
/+SiW/Train/live/047/047-1-1-1-2.mov.zip,0,605,605
/+SiW/Train/live/047/047-1-1-2-1.mov.zip,0,534,611
/+SiW/Train/live/047/047-1-1-2-2.mov.zip,0,567,583
/+SiW/Train/live/047/047-2-1-1-1.mov.zip,0,1133,1133
/+SiW/Train/live/047/047-2-1-1-2.mov.zip,0,1264,1264
/+SiW/Train/live/047/047-2-1-2-1.mov.zip,0,1206,1284
/+SiW/Train/live/047/047-2-1-2-2.mov.zip,0,1203,1226
/+SiW/Train/live/144/144-1-1-1-1.mov.zip,0,571,571
/+SiW/Train/live/144/144-1-1-1-2.mov.zip,0,655,655
/+SiW/Train/live/144/144-1-1-2-1.mov.zip,0,414,556
/+SiW/Train/live/144/144-1-1-2-2.mov.zip,0,529,661
/+SiW/Train/live/144/144-2-1-1-1.mov.zip,0,1185,1185
/+SiW/Train/live/144/144-2-1-1-2.mov.zip,0,1161,1161
/+SiW/Train/live/144/144-2-1-2-1.mov.zip,0,899,1187
/+SiW/Train/live/144/144-2-1-2-2.mov.zip,0,1095,1351
/+SiW/Train/live/128/128-1-1-1-1.mov.zip,0,543,543
/+SiW/Train/live/128/128-1-1-1-2.mov.zip,0,483,483
/+SiW/Train/live/128/128-1-1-2-1.mov.zip,0,331,348
/+SiW/Train/live/128/128-1-1-2-2.mov.zip,0,435,458
/+SiW/Train/live/128/128-2-1-1-1.mov.zip,0,1133,1133
/+SiW/Train/live/128/128-2-1-1-2.mov.zip,0,853,853
/+SiW/Train/live/128/128-2-1-2-1.mov.zip,0,725,743
/+SiW/Train/live/128/128-2-1-2-2.mov.zip,0,873,947
/+SiW/Train/live/011/011-1-1-1-1.mov.zip,0,803,803
/+SiW/Train/live/011/011-1-1-1-2.mov.zip,0,738,738
/+SiW/Train/live/011/011-1-1-2-1.mov.zip,0,508,603
/+SiW/Train/live/011/011-1-1-2-2.mov.zip,0,741,844
/+SiW/Train/live/011/011-2-1-1-1.mov.zip,0,1623,1623
/+SiW/Train/live/011/011-2-1-1-2.mov.zip,0,1338,1338
/+SiW/Train/live/011/011-2-1-2-1.mov.zip,0,1169,1275
/+SiW/Train/live/011/011-2-1-2-2.mov.zip,0,1496,1719
/+SiW/Train/live/152/152-1-1-1-1.mov.zip,0,518,563
/+SiW/Train/live/152/152-1-1-1-2.mov.zip,0,597,597
/+SiW/Train/live/152/152-1-1-2-1.mov.zip,0,475,525
/+SiW/Train/live/152/152-1-1-2-2.mov.zip,0,540,588
/+SiW/Train/live/152/152-2-1-1-1.mov.zip,0,932,1024
/+SiW/Train/live/152/152-2-1-1-2.mov.zip,0,1198,1198
/+SiW/Train/live/152/152-2-1-2-1.mov.zip,0,801,879
/+SiW/Train/live/152/152-2-1-2-2.mov.zip,0,1096,1260
/+SiW/Train/live/099/099-1-1-1-1.mov.zip,0,543,543
/+SiW/Train/live/099/099-1-1-1-2.mov.zip,0,609,609
/+SiW/Train/live/099/099-1-1-2-1.mov.zip,0,545,545
/+SiW/Train/live/099/099-1-1-2-2.mov.zip,0,571,598
/+SiW/Train/live/099/099-2-1-1-1.mov.zip,0,1140,1140
/+SiW/Train/live/099/099-2-1-1-2.mov.zip,0,1255,1255
/+SiW/Train/live/099/099-2-1-2-1.mov.zip,0,1159,1159
/+SiW/Train/live/099/099-2-1-2-2.mov.zip,0,1227,1276
/+SiW/Train/live/034/034-1-1-1-1.mov.zip,0,496,519
/+SiW/Train/live/034/034-1-1-1-2.mov.zip,0,521,543
/+SiW/Train/live/034/034-1-1-2-1.mov.zip,0,541,557
/+SiW/Train/live/034/034-1-1-2-2.mov.zip,0,523,548
/+SiW/Train/live/034/034-2-1-1-1.mov.zip,0,1087,1087
/+SiW/Train/live/034/034-2-1-1-2.mov.zip,0,1121,1121
/+SiW/Train/live/034/034-2-1-2-1.mov.zip,0,952,969
/+SiW/Train/live/034/034-2-1-2-2.mov.zip,0,1089,1115
/+SiW/Train/live/113/113-1-1-1-1.mov.zip,0,655,655
/+SiW/Train/live/113/113-1-1-1-2.mov.zip,0,672,672
/+SiW/Train/live/113/113-1-1-2-1.mov.zip,0,656,674
/+SiW/Train/live/113/113-1-1-2-2.mov.zip,0,723,770
/+SiW/Train/live/113/113-2-1-1-1.mov.zip,0,1205,1205
/+SiW/Train/live/113/113-2-1-1-2.mov.zip,0,1373,1373
/+SiW/Train/live/113/113-2-1-2-1.mov.zip,0,1153,1217
/+SiW/Train/live/113/113-2-1-2-2.mov.zip,0,1252,1367
/+SiW/Train/live/129/129-1-1-1-1.mov.zip,0,367,367
/+SiW/Train/live/129/129-1-1-1-2.mov.zip,0,381,381
/+SiW/Train/live/129/129-1-1-2-1.mov.zip,0,322,323
/+SiW/Train/live/129/129-1-1-2-2.mov.zip,0,375,381
/+SiW/Train/live/129/129-2-1-1-1.mov.zip,0,767,767
/+SiW/Train/live/129/129-2-1-1-2.mov.zip,0,659,659
/+SiW/Train/live/129/129-2-1-2-1.mov.zip,0,628,683
/+SiW/Train/live/129/129-2-1-2-2.mov.zip,0,734,803
/+SiW/Train/live/081/081-1-1-1-1.mov.zip,0,443,446
/+SiW/Train/live/081/081-1-1-1-2.mov.zip,0,536,540
/+SiW/Train/live/081/081-1-1-2-1.mov.zip,0,436,514
/+SiW/Train/live/081/081-1-1-2-2.mov.zip,0,481,512
/+SiW/Train/live/081/081-2-1-1-1.mov.zip,0,930,930
/+SiW/Train/live/081/081-2-1-1-2.mov.zip,0,1133,1133
/+SiW/Train/live/081/081-2-1-2-1.mov.zip,0,922,1097
/+SiW/Train/live/081/081-2-1-2-2.mov.zip,0,1041,1085
/+SiW/Train/live/069/069-1-1-1-1.mov.zip,0,460,460
/+SiW/Train/live/069/069-1-1-1-2.mov.zip,0,547,547
/+SiW/Train/live/069/069-1-1-2-1.mov.zip,0,405,547
/+SiW/Train/live/069/069-1-1-2-2.mov.zip,0,405,550
/+SiW/Train/live/069/069-2-1-1-1.mov.zip,0,811,811
/+SiW/Train/live/069/069-2-1-1-2.mov.zip,0,1131,1131
/+SiW/Train/live/069/069-2-1-2-1.mov.zip,0,867,1134
/+SiW/Train/live/069/069-2-1-2-2.mov.zip,0,835,1140
/+SiW/Train/live/051/051-1-1-1-1.mov.zip,0,361,361
/+SiW/Train/live/051/051-1-1-1-2.mov.zip,0,616,616
/+SiW/Train/live/051/051-1-1-2-1.mov.zip,0,538,564
/+SiW/Train/live/051/051-1-1-2-2.mov.zip,0,505,508
/+SiW/Train/live/051/051-2-1-1-1.mov.zip,0,755,755
/+SiW/Train/live/051/051-2-1-1-2.mov.zip,0,1236,1236
/+SiW/Train/live/051/051-2-1-2-1.mov.zip,0,1142,1164
/+SiW/Train/live/051/051-2-1-2-2.mov.zip,0,1050,1050
/+SiW/Train/live/155/155-1-1-1-1.mov.zip,0,400,400
/+SiW/Train/live/155/155-1-1-1-2.mov.zip,0,503,582
/+SiW/Train/live/155/155-1-1-2-1.mov.zip,0,369,522
/+SiW/Train/live/155/155-1-1-2-2.mov.zip,0,342,489
/+SiW/Train/live/155/155-2-1-1-1.mov.zip,0,821,821
/+SiW/Train/live/155/155-2-1-1-2.mov.zip,0,1064,1197
/+SiW/Train/live/155/155-2-1-2-1.mov.zip,0,601,917
/+SiW/Train/live/155/155-2-1-2-2.mov.zip,0,894,1151
/+SiW/Train/live/014/014-1-1-1-1.mov.zip,0,677,677
/+SiW/Train/live/014/014-1-1-1-2.mov.zip,0,634,634
/+SiW/Train/live/014/014-1-1-2-1.mov.zip,0,419,638
/+SiW/Train/live/014/014-1-1-2-2.mov.zip,0,304,633
/+SiW/Train/live/014/014-2-1-1-1.mov.zip,0,1418,1418
/+SiW/Train/live/014/014-2-1-1-2.mov.zip,0,1294,1294
/+SiW/Train/live/014/014-2-1-2-1.mov.zip,0,825,1337
/+SiW/Train/live/014/014-2-1-2-2.mov.zip,0,640,1274
/+SiW/Train/live/145/145-1-1-1-1.mov.zip,0,863,863
/+SiW/Train/live/145/145-1-1-1-2.mov.zip,0,742,765
/+SiW/Train/live/145/145-1-1-2-1.mov.zip,0,423,801
/+SiW/Train/live/145/145-1-1-2-2.mov.zip,0,543,919
/+SiW/Train/live/145/145-2-1-1-1.mov.zip,0,1443,1443
/+SiW/Train/live/145/145-2-1-1-2.mov.zip,0,1397,1397
/+SiW/Train/live/145/145-2-1-2-1.mov.zip,0,862,1644
/+SiW/Train/live/145/145-2-1-2-2.mov.zip,0,1062,1847
/+SiW/Train/live/035/035-1-1-1-1.mov.zip,0,496,496
/+SiW/Train/live/035/035-1-1-1-2.mov.zip,0,607,607
/+SiW/Train/live/035/035-1-1-2-1.mov.zip,0,479,585
/+SiW/Train/live/035/035-1-1-2-2.mov.zip,0,448,525
/+SiW/Train/live/035/035-2-1-1-1.mov.zip,0,1029,1029
/+SiW/Train/live/035/035-2-1-1-2.mov.zip,0,1233,1233
/+SiW/Train/live/035/035-2-1-2-1.mov.zip,0,1003,1221
/+SiW/Train/live/035/035-2-1-2-2.mov.zip,0,853,1085
/+SiW/Train/live/100/100-1-1-1-1.mov.zip,0,596,596
/+SiW/Train/live/100/100-1-1-1-2.mov.zip,0,558,558
/+SiW/Train/live/100/100-1-1-2-1.mov.zip,0,409,647
/+SiW/Train/live/100/100-1-1-2-2.mov.zip,0,454,686
/+SiW/Train/live/100/100-2-1-1-1.mov.zip,0,1245,1245
/+SiW/Train/live/100/100-2-1-1-2.mov.zip,0,1179,1179
/+SiW/Train/live/100/100-2-1-2-1.mov.zip,0,806,1350
/+SiW/Train/live/100/100-2-1-2-2.mov.zip,0,948,1411
/+SiW/Train/live/115/115-1-1-1-1.mov.zip,0,570,570
/+SiW/Train/live/115/115-1-1-1-2.mov.zip,0,590,590
/+SiW/Train/live/115/115-1-1-2-1.mov.zip,0,452,512
/+SiW/Train/live/115/115-1-1-2-2.mov.zip,0,516,661
/+SiW/Train/live/115/115-2-1-1-1.mov.zip,0,596,596
/+SiW/Train/live/115/115-2-1-1-2.mov.zip,0,1042,1042
/+SiW/Train/live/115/115-2-1-2-1.mov.zip,0,480,566
/+SiW/Train/live/115/115-2-1-2-2.mov.zip,0,932,1201
/+SiW/Train/live/086/086-1-1-1-1.mov.zip,0,423,423
/+SiW/Train/live/086/086-1-1-1-2.mov.zip,0,599,599
/+SiW/Train/live/086/086-1-1-2-1.mov.zip,0,496,574
/+SiW/Train/live/086/086-1-1-2-2.mov.zip,0,511,621
/+SiW/Train/live/086/086-2-1-1-1.mov.zip,0,887,887
/+SiW/Train/live/086/086-2-1-1-2.mov.zip,0,1258,1258
/+SiW/Train/live/086/086-2-1-2-1.mov.zip,0,1043,1194
/+SiW/Train/live/086/086-2-1-2-2.mov.zip,0,1108,1276
/+SiW/Train/live/131/131-1-1-1-1.mov.zip,0,597,597
/+SiW/Train/live/131/131-1-1-1-2.mov.zip,0,506,506
/+SiW/Train/live/131/131-1-1-2-1.mov.zip,0,575,680
/+SiW/Train/live/131/131-1-1-2-2.mov.zip,0,494,564
/+SiW/Train/live/131/131-2-1-1-1.mov.zip,0,1227,1227
/+SiW/Train/live/131/131-2-1-1-2.mov.zip,0,1056,1056
/+SiW/Train/live/131/131-2-1-2-1.mov.zip,0,1170,1409
/+SiW/Train/live/131/131-2-1-2-2.mov.zip,0,1055,1163
/+SiW/Train/live/070/070-1-1-1-1.mov.zip,0,527,527
/+SiW/Train/live/070/070-1-1-1-2.mov.zip,0,587,587
/+SiW/Train/live/070/070-1-1-2-1.mov.zip,0,404,460
/+SiW/Train/live/070/070-1-1-2-2.mov.zip,0,480,505
/+SiW/Train/live/070/070-2-1-1-1.mov.zip,0,1101,1101
/+SiW/Train/live/070/070-2-1-1-2.mov.zip,0,1247,1247
/+SiW/Train/live/070/070-2-1-2-1.mov.zip,0,844,965
/+SiW/Train/live/070/070-2-1-2-2.mov.zip,0,959,1025
/+SiW/Train/live/054/054-1-1-1-1.mov.zip,0,578,578
/+SiW/Train/live/054/054-1-1-1-2.mov.zip,0,475,475
/+SiW/Train/live/054/054-1-1-2-1.mov.zip,0,522,583
/+SiW/Train/live/054/054-1-1-2-2.mov.zip,0,459,463
/+SiW/Train/live/054/054-2-1-1-1.mov.zip,0,1203,1203
/+SiW/Train/live/054/054-2-1-1-2.mov.zip,0,959,959
/+SiW/Train/live/054/054-2-1-2-1.mov.zip,0,1089,1205
/+SiW/Train/live/054/054-2-1-2-2.mov.zip,0,947,960
/+SiW/Train/live/156/156-1-1-1-1.mov.zip,0,667,667
/+SiW/Train/live/156/156-1-1-1-2.mov.zip,0,553,553
/+SiW/Train/live/156/156-1-1-2-1.mov.zip,0,291,638
/+SiW/Train/live/156/156-1-1-2-2.mov.zip,0,326,638
/+SiW/Train/live/156/156-2-1-1-1.mov.zip,0,1379,1379
/+SiW/Train/live/156/156-2-1-1-2.mov.zip,0,1133,1133
/+SiW/Train/live/156/156-2-1-2-1.mov.zip,0,638,1313
/+SiW/Train/live/156/156-2-1-2-2.mov.zip,0,703,1292
/+SiW/Train/live/016/016-1-1-1-1.mov.zip,0,580,580
/+SiW/Train/live/016/016-1-1-1-2.mov.zip,0,594,594
/+SiW/Train/live/016/016-1-1-2-1.mov.zip,0,463,624
/+SiW/Train/live/016/016-1-1-2-2.mov.zip,0,409,668
/+SiW/Train/live/016/016-2-1-1-1.mov.zip,0,1212,1212
/+SiW/Train/live/016/016-2-1-1-2.mov.zip,0,1249,1249
/+SiW/Train/live/016/016-2-1-2-1.mov.zip,0,907,1277
/+SiW/Train/live/016/016-2-1-2-2.mov.zip,0,967,1361
/+SiW/Train/live/101/101-1-1-1-1.mov.zip,0,403,403
/+SiW/Train/live/101/101-1-1-1-2.mov.zip,0,402,414
/+SiW/Train/live/101/101-1-1-2-1.mov.zip,0,294,353
/+SiW/Train/live/101/101-1-1-2-2.mov.zip,0,433,543
/+SiW/Train/live/101/101-2-1-1-1.mov.zip,0,817,827
/+SiW/Train/live/101/101-2-1-1-2.mov.zip,0,827,827
/+SiW/Train/live/101/101-2-1-2-1.mov.zip,0,644,762
/+SiW/Train/live/101/101-2-1-2-2.mov.zip,0,892,1115
/+SiW/Train/live/146/146-1-1-1-1.mov.zip,0,410,447
/+SiW/Train/live/146/146-1-1-1-2.mov.zip,0,592,627
/+SiW/Train/live/146/146-1-1-2-1.mov.zip,0,456,575
/+SiW/Train/live/146/146-1-1-2-2.mov.zip,0,451,559
/+SiW/Train/live/146/146-2-1-1-1.mov.zip,0,942,942
/+SiW/Train/live/146/146-2-1-1-2.mov.zip,0,1265,1289
/+SiW/Train/live/146/146-2-1-2-1.mov.zip,0,960,1182
/+SiW/Train/live/146/146-2-1-2-2.mov.zip,0,946,1135
/+SiW/Train/live/038/038-1-1-1-1.mov.zip,0,552,552
/+SiW/Train/live/038/038-1-1-1-2.mov.zip,0,633,633
/+SiW/Train/live/038/038-1-1-2-1.mov.zip,0,530,562
/+SiW/Train/live/038/038-1-1-2-2.mov.zip,0,706,729
/+SiW/Train/live/038/038-2-1-1-1.mov.zip,0,1119,1119
/+SiW/Train/live/038/038-2-1-1-2.mov.zip,0,1298,1298
/+SiW/Train/live/038/038-2-1-2-1.mov.zip,0,1139,1164
/+SiW/Train/live/038/038-2-1-2-2.mov.zip,0,1479,1479
/+SiW/Train/live/117/117-1-1-1-1.mov.zip,0,728,728
/+SiW/Train/live/117/117-1-1-1-2.mov.zip,0,628,647
/+SiW/Train/live/117/117-1-1-2-1.mov.zip,0,363,457
/+SiW/Train/live/117/117-1-1-2-2.mov.zip,0,309,456
/+SiW/Train/live/117/117-2-1-1-1.mov.zip,0,1496,1496
/+SiW/Train/live/117/117-2-1-1-2.mov.zip,0,504,799
/+SiW/Train/live/117/117-2-1-2-1.mov.zip,0,764,946
/+SiW/Train/live/117/117-2-1-2-2.mov.zip,0,1323,1323
/+SiW/Train/live/055/055-1-1-1-1.mov.zip,0,459,459
/+SiW/Train/live/055/055-1-1-1-2.mov.zip,0,457,457
/+SiW/Train/live/055/055-1-1-2-1.mov.zip,0,368,402
/+SiW/Train/live/055/055-1-1-2-2.mov.zip,0,325,453
/+SiW/Train/live/055/055-2-1-1-1.mov.zip,0,954,954
/+SiW/Train/live/055/055-2-1-1-2.mov.zip,0,945,945
/+SiW/Train/live/055/055-2-1-2-1.mov.zip,0,765,852
/+SiW/Train/live/055/055-2-1-2-2.mov.zip,0,669,939
/+SiW/Train/live/089/089-1-1-1-1.mov.zip,0,636,636
/+SiW/Train/live/089/089-1-1-1-2.mov.zip,0,593,593
/+SiW/Train/live/089/089-1-1-2-1.mov.zip,0,385,531
/+SiW/Train/live/089/089-1-1-2-2.mov.zip,0,383,636
/+SiW/Train/live/089/089-2-1-1-1.mov.zip,0,1143,1143
/+SiW/Train/live/089/089-2-1-1-2.mov.zip,0,1242,1242
/+SiW/Train/live/089/089-2-1-2-1.mov.zip,0,832,1148
/+SiW/Train/live/089/089-2-1-2-2.mov.zip,0,795,1323
/+SiW/Train/live/072/072-1-1-1-1.mov.zip,0,612,612
/+SiW/Train/live/072/072-1-1-1-2.mov.zip,0,545,545
/+SiW/Train/live/072/072-1-1-2-1.mov.zip,0,529,603
/+SiW/Train/live/072/072-1-1-2-2.mov.zip,0,454,493
/+SiW/Train/live/072/072-2-1-1-1.mov.zip,0,1266,1266
/+SiW/Train/live/072/072-2-1-1-2.mov.zip,0,1122,1122
/+SiW/Train/live/072/072-2-1-2-1.mov.zip,0,1110,1253
/+SiW/Train/live/072/072-2-1-2-2.mov.zip,0,956,1035
/+SiW/Train/live/133/133-1-1-1-1.mov.zip,0,735,751
/+SiW/Train/live/133/133-1-1-1-2.mov.zip,0,596,596
/+SiW/Train/live/133/133-1-1-2-1.mov.zip,0,503,598
/+SiW/Train/live/133/133-1-1-2-2.mov.zip,0,542,614
/+SiW/Train/live/133/133-2-1-1-1.mov.zip,0,1548,1548
/+SiW/Train/live/133/133-2-1-1-2.mov.zip,0,1232,1232
/+SiW/Train/live/133/133-2-1-2-1.mov.zip,0,1060,1254
/+SiW/Train/live/133/133-2-1-2-2.mov.zip,0,1100,1267
/+SiW/Train/live/157/157-1-1-1-1.mov.zip,0,474,474
/+SiW/Train/live/157/157-1-1-1-2.mov.zip,0,520,539
/+SiW/Train/live/157/157-1-1-2-1.mov.zip,0,395,497
/+SiW/Train/live/157/157-1-1-2-2.mov.zip,0,373,496
/+SiW/Train/live/157/157-2-1-1-1.mov.zip,0,1014,1014
/+SiW/Train/live/157/157-2-1-1-2.mov.zip,0,799,1035
/+SiW/Train/live/157/157-2-1-2-1.mov.zip,0,941,1016
/+SiW/Train/live/157/157-2-1-2-2.mov.zip,0,1116,1118
/+SiW/Train/live/017/017-1-1-1-1.mov.zip,0,418,418
/+SiW/Train/live/017/017-1-1-1-2.mov.zip,0,573,573
/+SiW/Train/live/017/017-1-1-2-1.mov.zip,0,407,508
/+SiW/Train/live/017/017-1-1-2-2.mov.zip,0,426,574
/+SiW/Train/live/017/017-2-1-1-1.mov.zip,0,854,854
/+SiW/Train/live/017/017-2-1-1-2.mov.zip,0,1162,1162
/+SiW/Train/live/017/017-2-1-2-1.mov.zip,0,887,1041
/+SiW/Train/live/017/017-2-1-2-2.mov.zip,0,933,1214
/+SiW/Train/live/103/103-1-1-1-1.mov.zip,0,566,566
/+SiW/Train/live/103/103-1-1-1-2.mov.zip,0,542,542
/+SiW/Train/live/103/103-1-1-2-1.mov.zip,0,412,492
/+SiW/Train/live/103/103-1-1-2-2.mov.zip,0,364,561
/+SiW/Train/live/103/103-2-1-1-1.mov.zip,0,1190,1190
/+SiW/Train/live/103/103-2-1-1-2.mov.zip,0,1130,1130
/+SiW/Train/live/103/103-2-1-2-1.mov.zip,0,894,1041
/+SiW/Train/live/103/103-2-1-2-2.mov.zip,0,808,1187
/+SiW/Train/live/040/040-1-1-1-1.mov.zip,0,410,410
/+SiW/Train/live/040/040-1-1-1-2.mov.zip,0,537,537
/+SiW/Train/live/040/040-1-1-2-1.mov.zip,0,506,579
/+SiW/Train/live/040/040-1-1-2-2.mov.zip,0,470,561
/+SiW/Train/live/040/040-2-1-1-1.mov.zip,0,863,863
/+SiW/Train/live/040/040-2-1-1-2.mov.zip,0,1123,1123
/+SiW/Train/live/040/040-2-1-2-1.mov.zip,0,1014,1185
/+SiW/Train/live/040/040-2-1-2-2.mov.zip,0,960,1139
/+SiW/Train/live/119/119-1-1-1-1.mov.zip,0,572,572
/+SiW/Train/live/119/119-1-1-1-2.mov.zip,0,725,726
/+SiW/Train/live/119/119-1-1-2-1.mov.zip,0,377,378
/+SiW/Train/live/119/119-1-1-2-2.mov.zip,0,341,460
/+SiW/Train/live/119/119-2-1-1-1.mov.zip,0,1177,1177
/+SiW/Train/live/119/119-2-1-1-2.mov.zip,0,1449,1449
/+SiW/Train/live/119/119-2-1-2-1.mov.zip,0,779,779
/+SiW/Train/live/119/119-2-1-2-2.mov.zip,0,772,980
/+SiW/Train/live/147/147-1-1-1-1.mov.zip,0,794,794
/+SiW/Train/live/147/147-1-1-1-2.mov.zip,0,734,734
/+SiW/Train/live/147/147-1-1-2-1.mov.zip,0,417,557
/+SiW/Train/live/147/147-1-1-2-2.mov.zip,0,484,668
/+SiW/Train/live/147/147-2-1-1-1.mov.zip,0,1609,1609
/+SiW/Train/live/147/147-2-1-1-2.mov.zip,0,1515,1515
/+SiW/Train/live/147/147-2-1-2-1.mov.zip,0,852,1128
/+SiW/Train/live/147/147-2-1-2-2.mov.zip,0,963,1329
/+SiW/Train/live/091/091-1-1-1-1.mov.zip,0,499,499
/+SiW/Train/live/091/091-1-1-1-2.mov.zip,0,552,560
/+SiW/Train/live/091/091-1-1-2-1.mov.zip,0,431,533
/+SiW/Train/live/091/091-1-1-2-2.mov.zip,0,563,667
/+SiW/Train/live/091/091-2-1-1-1.mov.zip,0,912,912
/+SiW/Train/live/091/091-2-1-1-2.mov.zip,0,1173,1173
/+SiW/Train/live/091/091-2-1-2-1.mov.zip,0,932,1125
/+SiW/Train/live/091/091-2-1-2-2.mov.zip,0,1155,1359
/+SiW/Train/live/164/164-1-1-1-1.mov.zip,0,668,668
/+SiW/Train/live/164/164-1-1-1-2.mov.zip,0,666,666
/+SiW/Train/live/164/164-1-1-2-1.mov.zip,0,552,552
/+SiW/Train/live/164/164-1-1-2-2.mov.zip,0,568,568
/+SiW/Train/live/164/164-2-1-1-1.mov.zip,0,1387,1387
/+SiW/Train/live/164/164-2-1-1-2.mov.zip,0,1344,1344
/+SiW/Train/live/164/164-2-1-2-1.mov.zip,0,1139,1139
/+SiW/Train/live/164/164-2-1-2-2.mov.zip,0,1205,1205
/+SiW/Train/live/056/056-1-1-1-1.mov.zip,0,893,893
/+SiW/Train/live/056/056-1-1-1-2.mov.zip,0,600,600
/+SiW/Train/live/056/056-1-1-2-1.mov.zip,0,465,561
/+SiW/Train/live/056/056-1-1-2-2.mov.zip,0,450,495
/+SiW/Train/live/056/056-2-1-1-1.mov.zip,0,1823,1823
/+SiW/Train/live/056/056-2-1-1-2.mov.zip,0,1205,1205
/+SiW/Train/live/056/056-2-1-2-1.mov.zip,0,978,1149
/+SiW/Train/live/056/056-2-1-2-2.mov.zip,0,1003,1067
/+SiW/Train/live/134/134-1-1-1-1.mov.zip,0,403,403
/+SiW/Train/live/134/134-1-1-1-2.mov.zip,0,646,646
/+SiW/Train/live/134/134-1-1-2-1.mov.zip,0,466,699
/+SiW/Train/live/134/134-1-1-2-2.mov.zip,0,457,568
/+SiW/Train/live/134/134-2-1-1-1.mov.zip,0,861,861
/+SiW/Train/live/134/134-2-1-1-2.mov.zip,0,1313,1313
/+SiW/Train/live/134/134-2-1-2-1.mov.zip,0,981,1439
/+SiW/Train/live/134/134-2-1-2-2.mov.zip,0,984,1175
/+SiW/Train/live/074/074-1-1-1-1.mov.zip,0,1046,1046
/+SiW/Train/live/074/074-1-1-1-2.mov.zip,0,688,688
/+SiW/Train/live/074/074-1-1-2-1.mov.zip,0,473,685
/+SiW/Train/live/074/074-1-1-2-2.mov.zip,0,451,672
/+SiW/Train/live/074/074-2-1-1-1.mov.zip,0,935,1433
/+SiW/Train/live/074/074-2-1-1-2.mov.zip,0,1409,1409
/+SiW/Train/live/074/074-2-1-2-1.mov.zip,0,1915,1915
/+SiW/Train/live/074/074-2-1-2-2.mov.zip,0,949,1431
/+SiW/Train/live/159/159-1-1-1-1.mov.zip,0,362,362
/+SiW/Train/live/159/159-1-1-1-2.mov.zip,0,668,668
/+SiW/Train/live/159/159-1-1-2-1.mov.zip,0,281,305
/+SiW/Train/live/159/159-1-1-2-2.mov.zip,0,638,807
/+SiW/Train/live/159/159-2-1-1-1.mov.zip,0,777,804
/+SiW/Train/live/159/159-2-1-1-2.mov.zip,0,1301,1301
/+SiW/Train/live/159/159-2-1-2-1.mov.zip,0,1215,1215
/+SiW/Train/live/159/159-2-1-2-2.mov.zip,0,1369,1744
/+SiW/Train/live/022/022-1-1-1-1.mov.zip,0,530,606
/+SiW/Train/live/022/022-1-1-1-2.mov.zip,0,510,574
/+SiW/Train/live/022/022-1-1-2-1.mov.zip,0,369,489
/+SiW/Train/live/022/022-1-1-2-2.mov.zip,0,419,580
/+SiW/Train/live/022/022-2-1-1-1.mov.zip,0,1269,1269
/+SiW/Train/live/022/022-2-1-1-2.mov.zip,0,1197,1197
/+SiW/Train/live/022/022-2-1-2-1.mov.zip,0,823,1007
/+SiW/Train/live/022/022-2-1-2-2.mov.zip,0,935,1181
/+SiW/Train/live/104/104-1-1-1-1.mov.zip,0,467,467
/+SiW/Train/live/104/104-1-1-1-2.mov.zip,0,574,594
/+SiW/Train/live/104/104-1-1-2-1.mov.zip,0,435,621
/+SiW/Train/live/104/104-1-1-2-2.mov.zip,0,341,530
/+SiW/Train/live/104/104-2-1-1-1.mov.zip,0,967,1038
/+SiW/Train/live/104/104-2-1-1-2.mov.zip,0,1206,1238
/+SiW/Train/live/104/104-2-1-2-1.mov.zip,0,886,1301
/+SiW/Train/live/104/104-2-1-2-2.mov.zip,0,721,1107
/+SiW/Train/live/120/120-1-1-1-1.mov.zip,0,473,473
/+SiW/Train/live/120/120-1-1-1-2.mov.zip,0,445,445
/+SiW/Train/live/120/120-1-1-2-1.mov.zip,0,377,490
/+SiW/Train/live/120/120-1-1-2-2.mov.zip,0,373,470
/+SiW/Train/live/120/120-2-1-1-1.mov.zip,0,955,955
/+SiW/Train/live/120/120-2-1-1-2.mov.zip,0,911,911
/+SiW/Train/live/120/120-2-1-2-1.mov.zip,0,782,998
/+SiW/Train/live/120/120-2-1-2-2.mov.zip,0,787,979
/+SiW/Train/live/041/041-1-1-1-1.mov.zip,0,636,636
/+SiW/Train/live/041/041-1-1-1-2.mov.zip,0,640,667
/+SiW/Train/live/041/041-1-1-2-1.mov.zip,0,576,576
/+SiW/Train/live/041/041-1-1-2-2.mov.zip,0,598,598
/+SiW/Train/live/041/041-2-1-1-1.mov.zip,0,1301,1301
/+SiW/Train/live/041/041-2-1-1-2.mov.zip,0,1365,1365
/+SiW/Train/live/041/041-2-1-2-1.mov.zip,0,1181,1181
/+SiW/Train/live/041/041-2-1-2-2.mov.zip,0,1231,1231
/+SiW/Train/live/092/092-1-1-1-1.mov.zip,0,410,410
/+SiW/Train/live/092/092-1-1-1-2.mov.zip,0,450,450
/+SiW/Train/live/092/092-1-1-2-1.mov.zip,0,641,641
/+SiW/Train/live/092/092-1-1-2-2.mov.zip,0,494,494
/+SiW/Train/live/092/092-2-1-1-1.mov.zip,0,853,853
/+SiW/Train/live/092/092-2-1-1-2.mov.zip,0,1329,1329
/+SiW/Train/live/092/092-2-1-2-1.mov.zip,0,976,976
/+SiW/Train/live/092/092-2-1-2-2.mov.zip,0,1051,1051
/+SiW/Train/live/148/148-1-1-1-1.mov.zip,0,739,739
/+SiW/Train/live/148/148-1-1-1-2.mov.zip,0,567,567
/+SiW/Train/live/148/148-1-1-2-1.mov.zip,0,518,533
/+SiW/Train/live/148/148-1-1-2-2.mov.zip,0,596,627
/+SiW/Train/live/148/148-2-1-1-1.mov.zip,0,1327,1327
/+SiW/Train/live/148/148-2-1-1-2.mov.zip,0,1175,1175
/+SiW/Train/live/148/148-2-1-2-1.mov.zip,0,1230,1243
/+SiW/Train/live/148/148-2-1-2-2.mov.zip,0,1348,1399
/+SiW/Train/live/058/058-1-1-1-1.mov.zip,0,502,506
/+SiW/Train/live/058/058-1-1-1-2.mov.zip,0,579,579
/+SiW/Train/live/058/058-1-1-2-1.mov.zip,0,539,605
/+SiW/Train/live/058/058-1-1-2-2.mov.zip,0,381,527
/+SiW/Train/live/058/058-2-1-1-1.mov.zip,0,1068,1068
/+SiW/Train/live/058/058-2-1-1-2.mov.zip,0,1173,1173
/+SiW/Train/live/058/058-2-1-2-1.mov.zip,0,1136,1271
/+SiW/Train/live/058/058-2-1-2-2.mov.zip,0,751,1087
/+SiW/Train/live/028/028-2-1-2-1.mov.zip,0,851,1013
/+SiW/Train/live/028/028-2-1-2-2.mov.zip,0,843,1085
/+SiW/Train/live/028/028-1-1-1-1.mov.zip,0,491,491
/+SiW/Train/live/028/028-1-1-1-2.mov.zip,0,541,541
/+SiW/Train/live/028/028-1-1-2-1.mov.zip,0,404,473
/+SiW/Train/live/028/028-1-1-2-2.mov.zip,0,395,517
/+SiW/Train/live/028/028-2-1-1-1.mov.zip,0,1031,1031
/+SiW/Train/live/028/028-2-1-1-2.mov.zip,0,1165,1165
/+SiW/Train/live/165/165-1-1-1-1.mov.zip,0,608,608
/+SiW/Train/live/165/165-1-1-1-2.mov.zip,0,560,560
/+SiW/Train/live/165/165-1-1-2-1.mov.zip,0,577,577
/+SiW/Train/live/165/165-1-1-2-2.mov.zip,0,535,556
/+SiW/Train/live/165/165-2-1-1-1.mov.zip,0,1239,1271
/+SiW/Train/live/165/165-2-1-1-2.mov.zip,0,1185,1185
/+SiW/Train/live/165/165-2-1-2-1.mov.zip,0,1193,1193
/+SiW/Train/live/165/165-2-1-2-2.mov.zip,0,1106,1151
/+SiW/Train/live/042/042-2-1-1-1.mov.zip,0,1065,1065
/+SiW/Train/live/042/042-2-1-1-2.mov.zip,0,1181,1181
/+SiW/Train/live/042/042-2-1-2-1.mov.zip,0,1304,1304
/+SiW/Train/live/042/042-2-1-2-2.mov.zip,0,928,1121
/+SiW/Train/live/042/042-1-1-1-1.mov.zip,0,499,499
/+SiW/Train/live/042/042-1-1-1-2.mov.zip,0,583,583
/+SiW/Train/live/042/042-1-1-2-1.mov.zip,0,642,642
/+SiW/Train/live/042/042-1-1-2-2.mov.zip,0,436,546
/+SiW/Train/live/135/135-1-1-1-1.mov.zip,0,621,621
/+SiW/Train/live/135/135-1-1-1-2.mov.zip,0,599,599
/+SiW/Train/live/135/135-1-1-2-1.mov.zip,0,461,542
/+SiW/Train/live/135/135-1-1-2-2.mov.zip,0,427,592
/+SiW/Train/live/135/135-2-1-1-1.mov.zip,0,972,1129
/+SiW/Train/live/135/135-2-1-1-2.mov.zip,0,1255,1255
/+SiW/Train/live/135/135-2-1-2-1.mov.zip,0,1287,1287
/+SiW/Train/live/135/135-2-1-2-2.mov.zip,0,905,1217
/+SiW/Train/live/060/060-1-1-2-1.mov.zip,0,410,514
/+SiW/Train/live/060/060-1-1-2-2.mov.zip,0,344,438
/+SiW/Train/live/060/060-2-1-1-1.mov.zip,0,1197,1197
/+SiW/Train/live/060/060-2-1-1-2.mov.zip,0,992,992
/+SiW/Train/live/060/060-2-1-2-1.mov.zip,0,845,1061
/+SiW/Train/live/060/060-2-1-2-2.mov.zip,0,710,922
/+SiW/Train/live/060/060-1-1-1-1.mov.zip,0,578,578
/+SiW/Train/live/060/060-1-1-1-2.mov.zip,0,554,554
/+SiW/Train/live/105/105-1-1-1-1.mov.zip,0,391,391
/+SiW/Train/live/105/105-1-1-1-2.mov.zip,0,392,392
/+SiW/Train/live/105/105-1-1-2-1.mov.zip,0,351,536
/+SiW/Train/live/105/105-1-1-2-2.mov.zip,0,244,433
/+SiW/Train/live/105/105-2-1-1-1.mov.zip,0,840,864
/+SiW/Train/live/105/105-2-1-1-2.mov.zip,0,672,672
/+SiW/Train/live/105/105-2-1-2-1.mov.zip,0,780,1133
/+SiW/Train/live/105/105-2-1-2-2.mov.zip,0,503,899
/+SiW/Train/live/076/076-1-1-1-1.mov.zip,0,608,608
/+SiW/Train/live/076/076-1-1-1-2.mov.zip,0,681,681
/+SiW/Train/live/076/076-1-1-2-1.mov.zip,0,241,738
/+SiW/Train/live/076/076-1-1-2-2.mov.zip,0,353,742
/+SiW/Train/live/076/076-2-1-1-1.mov.zip,0,1269,1269
/+SiW/Train/live/076/076-2-1-1-2.mov.zip,0,1370,1370
/+SiW/Train/live/076/076-2-1-2-1.mov.zip,0,437,1487
/+SiW/Train/live/076/076-2-1-2-2.mov.zip,0,776,1529
/+SiW/Train/live/160/160-1-1-1-1.mov.zip,0,663,663
/+SiW/Train/live/160/160-1-1-1-2.mov.zip,0,804,885
/+SiW/Train/live/160/160-1-1-2-1.mov.zip,0,80,743
/+SiW/Train/live/160/160-1-1-2-2.mov.zip,0,138,845
/+SiW/Train/live/160/160-2-1-1-1.mov.zip,0,1316,1316
/+SiW/Train/live/160/160-2-1-1-2.mov.zip,0,1565,1787
/+SiW/Train/live/160/160-2-1-2-1.mov.zip,0,144,1336
/+SiW/Train/live/160/160-2-1-2-2.mov.zip,0,400,1941
/+SiW/Train/live/121/121-1-1-1-1.mov.zip,0,767,767
/+SiW/Train/live/121/121-1-1-1-2.mov.zip,0,931,931
/+SiW/Train/live/121/121-1-1-2-1.mov.zip,0,516,589
/+SiW/Train/live/121/121-1-1-2-2.mov.zip,0,457,576
/+SiW/Train/live/121/121-2-1-1-1.mov.zip,0,1068,1223
/+SiW/Train/live/121/121-2-1-1-2.mov.zip,0,962,1165
/+SiW/Train/live/121/121-2-1-2-1.mov.zip,0,1599,1599
/+SiW/Train/live/121/121-2-1-2-2.mov.zip,0,1886,1886
/+SiW/Train/live/093/093-1-1-1-1.mov.zip,0,444,446
/+SiW/Train/live/093/093-1-1-1-2.mov.zip,0,469,487
/+SiW/Train/live/093/093-1-1-2-1.mov.zip,0,260,628
/+SiW/Train/live/093/093-1-1-2-2.mov.zip,0,395,646
/+SiW/Train/live/093/093-2-1-1-1.mov.zip,0,944,944
/+SiW/Train/live/093/093-2-1-1-2.mov.zip,0,1047,1047
/+SiW/Train/live/093/093-2-1-2-1.mov.zip,0,648,1314
/+SiW/Train/live/093/093-2-1-2-2.mov.zip,0,823,1328
/+SiW/Train/live/077/077-2-1-1-1.mov.zip,0,1436,1436
/+SiW/Train/live/077/077-2-1-1-2.mov.zip,0,1234,1234
/+SiW/Train/live/077/077-2-1-2-1.mov.zip,0,1147,1217
/+SiW/Train/live/077/077-2-1-2-2.mov.zip,0,1300,1433
/+SiW/Train/live/077/077-1-1-1-1.mov.zip,0,705,705
/+SiW/Train/live/077/077-1-1-1-2.mov.zip,0,680,680
/+SiW/Train/live/077/077-1-1-2-1.mov.zip,0,640,702
/+SiW/Train/live/077/077-1-1-2-2.mov.zip,0,623,697
/+SiW/Train/live/096/096-1-1-2-1.mov.zip,0,311,620
/+SiW/Train/live/096/096-1-1-2-2.mov.zip,0,394,619
/+SiW/Train/live/096/096-2-1-1-1.mov.zip,0,794,794
/+SiW/Train/live/096/096-2-1-1-2.mov.zip,0,1194,1207
/+SiW/Train/live/096/096-2-1-2-1.mov.zip,0,658,1287
/+SiW/Train/live/096/096-2-1-2-2.mov.zip,0,890,1317
/+SiW/Train/live/096/096-1-1-1-1.mov.zip,0,373,373
/+SiW/Train/live/096/096-1-1-1-2.mov.zip,0,583,583
/+SiW/Train/live/107/107-1-1-1-1.mov.zip,0,388,388
/+SiW/Train/live/107/107-1-1-1-2.mov.zip,0,473,473
/+SiW/Train/live/107/107-1-1-2-1.mov.zip,0,344,467
/+SiW/Train/live/107/107-1-1-2-2.mov.zip,0,464,611
/+SiW/Train/live/107/107-2-1-1-1.mov.zip,0,693,693
/+SiW/Train/live/107/107-2-1-1-2.mov.zip,0,839,839
/+SiW/Train/live/107/107-2-1-2-1.mov.zip,0,734,989
/+SiW/Train/live/107/107-2-1-2-2.mov.zip,0,852,1091
/+SiW/Train/live/149/149-1-1-1-1.mov.zip,0,684,684
/+SiW/Train/live/149/149-1-1-1-2.mov.zip,0,804,804
/+SiW/Train/live/149/149-1-1-2-1.mov.zip,0,583,713
/+SiW/Train/live/149/149-1-1-2-2.mov.zip,0,506,699
/+SiW/Train/live/149/149-2-1-1-1.mov.zip,0,1439,1439
/+SiW/Train/live/149/149-2-1-1-2.mov.zip,0,1435,1435
/+SiW/Train/live/149/149-2-1-2-1.mov.zip,0,1202,1467
/+SiW/Train/live/149/149-2-1-2-2.mov.zip,0,1066,1497
/+SiW/Train/live/136/136-1-1-1-1.mov.zip,0,709,709
/+SiW/Train/live/136/136-1-1-1-2.mov.zip,0,672,672
/+SiW/Train/live/136/136-1-1-2-1.mov.zip,0,449,536
/+SiW/Train/live/136/136-1-1-2-2.mov.zip,0,379,507
/+SiW/Train/live/136/136-2-1-1-1.mov.zip,0,1439,1439
/+SiW/Train/live/136/136-2-1-1-2.mov.zip,0,1213,1213
/+SiW/Train/live/136/136-2-1-2-1.mov.zip,0,954,1097
/+SiW/Train/live/136/136-2-1-2-2.mov.zip,0,703,1040
/+SiW/Train/live/123/123-2-1-2-1.mov.zip,0,841,1152
/+SiW/Train/live/123/123-2-1-2-2.mov.zip,0,593,1082
/+SiW/Train/live/123/123-1-1-1-1.mov.zip,0,488,488
/+SiW/Train/live/123/123-1-1-1-2.mov.zip,0,552,552
/+SiW/Train/live/123/123-1-1-2-1.mov.zip,0,396,553
/+SiW/Train/live/123/123-1-1-2-2.mov.zip,0,257,530
/+SiW/Train/live/123/123-2-1-1-1.mov.zip,0,1032,1032
/+SiW/Train/live/123/123-2-1-1-2.mov.zip,0,1153,1153
/+SiW/Train/live/140/140-2-1-1-1.mov.zip,0,1140,1140
/+SiW/Train/live/140/140-2-1-1-2.mov.zip,0,1001,1001
/+SiW/Train/live/140/140-2-1-2-1.mov.zip,0,730,1254
/+SiW/Train/live/140/140-2-1-2-2.mov.zip,0,804,1261
/+SiW/Train/live/140/140-1-1-1-1.mov.zip,0,557,557
/+SiW/Train/live/140/140-1-1-1-2.mov.zip,0,483,483
/+SiW/Train/live/140/140-1-1-2-1.mov.zip,0,370,621
/+SiW/Train/live/140/140-1-1-2-2.mov.zip,0,467,693
/+SiW/Train/live/150/150-1-1-1-1.mov.zip,0,419,436
/+SiW/Train/live/150/150-1-1-1-2.mov.zip,0,298,298
/+SiW/Train/live/150/150-1-1-2-1.mov.zip,0,221,325
/+SiW/Train/live/150/150-1-1-2-2.mov.zip,0,224,292
/+SiW/Train/live/150/150-2-1-1-1.mov.zip,0,546,694
/+SiW/Train/live/150/150-2-1-1-2.mov.zip,0,608,608
/+SiW/Train/live/150/150-2-1-2-1.mov.zip,0,894,905
/+SiW/Train/live/150/150-2-1-2-2.mov.zip,0,517,615
/+SiW/Train/live/162/162-1-1-1-1.mov.zip,0,716,716
/+SiW/Train/live/162/162-1-1-1-2.mov.zip,0,674,675
/+SiW/Train/live/162/162-1-1-2-1.mov.zip,0,468,555
/+SiW/Train/live/162/162-1-1-2-2.mov.zip,0,630,681
/+SiW/Train/live/162/162-2-1-1-1.mov.zip,0,1463,1463
/+SiW/Train/live/162/162-2-1-1-2.mov.zip,0,1275,1275
/+SiW/Train/live/162/162-2-1-2-1.mov.zip,0,1000,1133
/+SiW/Train/live/162/162-2-1-2-2.mov.zip,0,1178,1235
/+SiW/Train/live/151/151-1-1-2-1.mov.zip,0,344,387
/+SiW/Train/live/151/151-1-1-2-2.mov.zip,0,324,392
/+SiW/Train/live/151/151-2-1-1-1.mov.zip,0,1025,1025
/+SiW/Train/live/151/151-2-1-1-2.mov.zip,0,867,867
/+SiW/Train/live/151/151-2-1-2-1.mov.zip,0,743,845
/+SiW/Train/live/151/151-2-1-2-2.mov.zip,0,687,815
/+SiW/Train/live/151/151-1-1-1-1.mov.zip,0,469,469
/+SiW/Train/live/151/151-1-1-1-2.mov.zip,0,431,431
/+SiW/Train/live/163/163-1-1-1-1.mov.zip,0,580,580
/+SiW/Train/live/163/163-1-1-1-2.mov.zip,0,655,655
/+SiW/Train/live/163/163-1-1-2-1.mov.zip,0,518,752
/+SiW/Train/live/163/163-1-1-2-2.mov.zip,0,458,794
/+SiW/Train/live/163/163-2-1-1-1.mov.zip,0,1051,1051
/+SiW/Train/live/163/163-2-1-1-2.mov.zip,0,1271,1271
/+SiW/Train/live/163/163-2-1-2-1.mov.zip,0,863,1379
/+SiW/Train/live/163/163-2-1-2-2.mov.zip,0,721,1466
/+SiW/Test/live/008/008-1-1-1-1.mov.zip,0,655,662
/+SiW/Test/live/008/008-1-1-1-2.mov.zip,0,758,775
/+SiW/Test/live/008/008-1-1-2-1.mov.zip,0,582,708
/+SiW/Test/live/008/008-1-1-2-2.mov.zip,0,572,775
/+SiW/Test/live/008/008-2-1-1-1.mov.zip,0,1366,1395
/+SiW/Test/live/008/008-2-1-1-2.mov.zip,0,1542,1547
/+SiW/Test/live/008/008-2-1-2-1.mov.zip,0,1046,1260
/+SiW/Test/live/008/008-2-1-2-2.mov.zip,0,1115,1553
/+SiW/Test/live/073/073-1-1-1-1.mov.zip,0,675,691
/+SiW/Test/live/073/073-1-1-1-2.mov.zip,0,532,604
/+SiW/Test/live/073/073-1-1-2-1.mov.zip,0,408,438
/+SiW/Test/live/073/073-1-1-2-2.mov.zip,0,480,597
/+SiW/Test/live/073/073-2-1-1-1.mov.zip,0,877,943
/+SiW/Test/live/073/073-2-1-1-2.mov.zip,0,1015,1106
/+SiW/Test/live/073/073-2-1-2-1.mov.zip,0,1403,1431
/+SiW/Test/live/073/073-2-1-2-2.mov.zip,0,909,1108
/+SiW/Test/live/021/021-1-1-1-1.mov.zip,0,397,401
/+SiW/Test/live/021/021-1-1-1-2.mov.zip,0,580,604
/+SiW/Test/live/021/021-1-1-2-1.mov.zip,0,202,596
/+SiW/Test/live/021/021-1-1-2-2.mov.zip,0,143,501
/+SiW/Test/live/021/021-2-1-1-1.mov.zip,0,888,888
/+SiW/Test/live/021/021-2-1-1-2.mov.zip,0,1220,1233
/+SiW/Test/live/021/021-2-1-2-1.mov.zip,0,507,1217
/+SiW/Test/live/021/021-2-1-2-2.mov.zip,0,273,995
/+SiW/Test/live/037/037-1-1-1-1.mov.zip,0,710,711
/+SiW/Test/live/037/037-1-1-1-2.mov.zip,0,563,586
/+SiW/Test/live/037/037-1-1-2-1.mov.zip,0,489,526
/+SiW/Test/live/037/037-1-1-2-2.mov.zip,0,443,509
/+SiW/Test/live/037/037-2-1-1-1.mov.zip,0,1011,1091
/+SiW/Test/live/037/037-2-1-1-2.mov.zip,0,1189,1211
/+SiW/Test/live/037/037-2-1-2-1.mov.zip,0,1473,1473
/+SiW/Test/live/037/037-2-1-2-2.mov.zip,0,1106,1170
/+SiW/Test/live/009/009-1-1-1-1.mov.zip,0,427,433
/+SiW/Test/live/009/009-1-1-1-2.mov.zip,0,580,580
/+SiW/Test/live/009/009-1-1-2-1.mov.zip,0,248,576
/+SiW/Test/live/009/009-1-1-2-2.mov.zip,0,443,630
/+SiW/Test/live/009/009-2-1-1-1.mov.zip,0,897,935
/+SiW/Test/live/009/009-2-1-1-2.mov.zip,0,1210,1210
/+SiW/Test/live/009/009-2-1-2-1.mov.zip,0,502,1183
/+SiW/Test/live/009/009-2-1-2-2.mov.zip,0,998,1303
/+SiW/Test/live/114/114-1-1-1-1.mov.zip,0,724,724
/+SiW/Test/live/114/114-1-1-1-2.mov.zip,0,651,651
/+SiW/Test/live/114/114-1-1-2-1.mov.zip,0,407,456
/+SiW/Test/live/114/114-1-1-2-2.mov.zip,0,530,579
/+SiW/Test/live/114/114-2-1-1-1.mov.zip,0,835,959
/+SiW/Test/live/114/114-2-1-1-2.mov.zip,0,924,1027
/+SiW/Test/live/114/114-2-1-2-1.mov.zip,0,1117,1117
/+SiW/Test/live/114/114-2-1-2-2.mov.zip,0,1388,1388
/+SiW/Test/live/075/075-1-1-1-1.mov.zip,0,718,718
/+SiW/Test/live/075/075-1-1-1-2.mov.zip,0,778,778
/+SiW/Test/live/075/075-1-1-2-1.mov.zip,0,731,864
/+SiW/Test/live/075/075-1-1-2-2.mov.zip,0,512,804
/+SiW/Test/live/075/075-2-1-1-1.mov.zip,0,1487,1487
/+SiW/Test/live/075/075-2-1-1-2.mov.zip,0,1582,1582
/+SiW/Test/live/075/075-2-1-2-1.mov.zip,0,1560,1763
/+SiW/Test/live/075/075-2-1-2-2.mov.zip,0,798,1386
/+SiW/Test/live/090/090-1-1-1-1.mov.zip,0,728,728
/+SiW/Test/live/090/090-1-1-1-2.mov.zip,0,759,759
/+SiW/Test/live/090/090-1-1-2-1.mov.zip,0,660,735
/+SiW/Test/live/090/090-1-1-2-2.mov.zip,0,574,630
/+SiW/Test/live/090/090-2-1-1-1.mov.zip,0,1487,1487
/+SiW/Test/live/090/090-2-1-1-2.mov.zip,0,1565,1565
/+SiW/Test/live/090/090-2-1-2-1.mov.zip,0,1208,1527
/+SiW/Test/live/090/090-2-1-2-2.mov.zip,0,1167,1288
/+SiW/Test/live/057/057-1-1-1-1.mov.zip,0,580,580
/+SiW/Test/live/057/057-1-1-1-2.mov.zip,0,598,599
/+SiW/Test/live/057/057-1-1-2-1.mov.zip,0,415,467
/+SiW/Test/live/057/057-1-1-2-2.mov.zip,0,371,425
/+SiW/Test/live/057/057-2-1-1-1.mov.zip,0,866,975
/+SiW/Test/live/057/057-2-1-1-2.mov.zip,0,786,900
/+SiW/Test/live/057/057-2-1-2-1.mov.zip,0,1215,1215
/+SiW/Test/live/057/057-2-1-2-2.mov.zip,0,1233,1235
/+SiW/Test/live/137/137-1-1-1-1.mov.zip,0,489,663
/+SiW/Test/live/137/137-1-1-1-2.mov.zip,0,689,707
/+SiW/Test/live/137/137-1-1-2-1.mov.zip,0,268,525
/+SiW/Test/live/137/137-1-1-2-2.mov.zip,0,370,597
/+SiW/Test/live/137/137-2-1-1-1.mov.zip,0,1280,1376
/+SiW/Test/live/137/137-2-1-1-2.mov.zip,0,1438,1458
/+SiW/Test/live/137/137-2-1-2-1.mov.zip,0,674,1085
/+SiW/Test/live/137/137-2-1-2-2.mov.zip,0,791,1237
/+SiW/Test/live/023/023-1-1-1-1.mov.zip,0,462,462
/+SiW/Test/live/023/023-1-1-1-2.mov.zip,0,526,526
/+SiW/Test/live/023/023-1-1-2-1.mov.zip,0,432,513
/+SiW/Test/live/023/023-1-1-2-2.mov.zip,0,534,597
/+SiW/Test/live/023/023-2-1-1-1.mov.zip,0,876,939
/+SiW/Test/live/023/023-2-1-1-2.mov.zip,0,1128,1128
/+SiW/Test/live/023/023-2-1-2-1.mov.zip,0,902,1074
/+SiW/Test/live/023/023-2-1-2-2.mov.zip,0,1072,1214
/+SiW/Test/live/039/039-1-1-1-1.mov.zip,0,450,474
/+SiW/Test/live/039/039-1-1-1-2.mov.zip,0,567,604
/+SiW/Test/live/039/039-1-1-2-1.mov.zip,0,559,628
/+SiW/Test/live/039/039-1-1-2-2.mov.zip,0,663,708
/+SiW/Test/live/039/039-2-1-1-1.mov.zip,0,994,997
/+SiW/Test/live/039/039-2-1-1-2.mov.zip,0,1174,1234
/+SiW/Test/live/039/039-2-1-2-1.mov.zip,0,1209,1325
/+SiW/Test/live/039/039-2-1-2-2.mov.zip,0,1356,1430
/+SiW/Test/live/010/010-1-1-1-1.mov.zip,0,484,484
/+SiW/Test/live/010/010-1-1-1-2.mov.zip,0,643,662
/+SiW/Test/live/010/010-1-1-2-1.mov.zip,0,583,588
/+SiW/Test/live/010/010-1-1-2-2.mov.zip,0,618,671
/+SiW/Test/live/010/010-2-1-1-1.mov.zip,0,1031,1031
/+SiW/Test/live/010/010-2-1-1-2.mov.zip,0,1358,1358
/+SiW/Test/live/010/010-2-1-2-1.mov.zip,0,1223,1223
/+SiW/Test/live/010/010-2-1-2-2.mov.zip,0,1284,1333
/+SiW/Test/live/079/079-1-1-1-1.mov.zip,0,472,472
/+SiW/Test/live/079/079-1-1-1-2.mov.zip,0,535,542
/+SiW/Test/live/079/079-1-1-2-1.mov.zip,0,564,564
/+SiW/Test/live/079/079-1-1-2-2.mov.zip,0,522,569
/+SiW/Test/live/079/079-2-1-1-1.mov.zip,0,1026,1026
/+SiW/Test/live/079/079-2-1-1-2.mov.zip,0,995,995
/+SiW/Test/live/079/079-2-1-2-1.mov.zip,0,1209,1209
/+SiW/Test/live/079/079-2-1-2-2.mov.zip,0,1117,1232
/+SiW/Test/live/116/116-1-1-1-1.mov.zip,0,580,580
/+SiW/Test/live/116/116-1-1-1-2.mov.zip,0,786,786
/+SiW/Test/live/116/116-1-1-2-1.mov.zip,0,426,464
/+SiW/Test/live/116/116-1-1-2-2.mov.zip,0,539,539
/+SiW/Test/live/116/116-2-1-1-1.mov.zip,0,922,1007
/+SiW/Test/live/116/116-2-1-1-2.mov.zip,0,902,904
/+SiW/Test/live/116/116-2-1-2-1.mov.zip,0,1217,1217
/+SiW/Test/live/116/116-2-1-2-2.mov.zip,0,1593,1593
/+SiW/Test/live/094/094-1-1-1-1.mov.zip,0,593,593
/+SiW/Test/live/094/094-1-1-1-2.mov.zip,0,586,619
/+SiW/Test/live/094/094-1-1-2-1.mov.zip,0,460,516
/+SiW/Test/live/094/094-1-1-2-2.mov.zip,0,428,605
/+SiW/Test/live/094/094-2-1-1-1.mov.zip,0,1265,1265
/+SiW/Test/live/094/094-2-1-1-2.mov.zip,0,1256,1300
/+SiW/Test/live/094/094-2-1-2-1.mov.zip,0,963,1098
/+SiW/Test/live/094/094-2-1-2-2.mov.zip,0,928,1254
/+SiW/Test/live/138/138-1-1-1-1.mov.zip,0,488,617
/+SiW/Test/live/138/138-1-1-1-2.mov.zip,0,615,615
/+SiW/Test/live/138/138-1-1-2-1.mov.zip,0,335,568
/+SiW/Test/live/138/138-1-1-2-2.mov.zip,0,343,483
/+SiW/Test/live/138/138-2-1-1-1.mov.zip,0,987,1272
/+SiW/Test/live/138/138-2-1-1-2.mov.zip,0,1271,1271
/+SiW/Test/live/138/138-2-1-2-1.mov.zip,0,711,1131
/+SiW/Test/live/138/138-2-1-2-2.mov.zip,0,766,1043
/+SiW/Test/live/059/059-1-1-1-1.mov.zip,0,493,507
/+SiW/Test/live/059/059-1-1-1-2.mov.zip,0,604,604
/+SiW/Test/live/059/059-1-1-2-1.mov.zip,0,652,797
/+SiW/Test/live/059/059-1-1-2-2.mov.zip,0,493,603
/+SiW/Test/live/059/059-2-1-1-1.mov.zip,0,1069,1102
/+SiW/Test/live/059/059-2-1-1-2.mov.zip,0,1235,1235
/+SiW/Test/live/059/059-2-1-2-1.mov.zip,0,1328,1637
/+SiW/Test/live/059/059-2-1-2-2.mov.zip,0,866,1109
/+SiW/Test/live/024/024-1-1-1-1.mov.zip,0,700,700
/+SiW/Test/live/024/024-1-1-1-2.mov.zip,0,661,664
/+SiW/Test/live/024/024-1-1-2-1.mov.zip,0,384,611
/+SiW/Test/live/024/024-1-1-2-2.mov.zip,0,390,618
/+SiW/Test/live/024/024-2-1-1-1.mov.zip,0,1451,1451
/+SiW/Test/live/024/024-2-1-1-2.mov.zip,0,1354,1354
/+SiW/Test/live/024/024-2-1-2-1.mov.zip,0,891,1257
/+SiW/Test/live/024/024-2-1-2-2.mov.zip,0,946,1275
/+SiW/Test/live/012/012-1-1-1-1.mov.zip,0,447,447
/+SiW/Test/live/012/012-1-1-1-2.mov.zip,0,441,441
/+SiW/Test/live/012/012-1-1-2-1.mov.zip,0,317,468
/+SiW/Test/live/012/012-1-1-2-2.mov.zip,0,290,554
/+SiW/Test/live/012/012-2-1-1-1.mov.zip,0,942,942
/+SiW/Test/live/012/012-2-1-1-2.mov.zip,0,919,919
/+SiW/Test/live/012/012-2-1-2-1.mov.zip,0,738,1034
/+SiW/Test/live/012/012-2-1-2-2.mov.zip,0,640,1161
/+SiW/Test/live/043/043-1-1-1-1.mov.zip,0,500,543
/+SiW/Test/live/043/043-1-1-1-2.mov.zip,0,533,541
/+SiW/Test/live/043/043-1-1-2-1.mov.zip,0,458,458
/+SiW/Test/live/043/043-1-1-2-2.mov.zip,0,596,596
/+SiW/Test/live/043/043-2-1-1-1.mov.zip,0,1199,1199
/+SiW/Test/live/043/043-2-1-1-2.mov.zip,0,1122,1122
/+SiW/Test/live/043/043-2-1-2-1.mov.zip,0,940,966
/+SiW/Test/live/043/043-2-1-2-2.mov.zip,0,1200,1200
/+SiW/Test/live/118/118-1-1-1-1.mov.zip,0,608,674
/+SiW/Test/live/118/118-1-1-1-2.mov.zip,0,641,642
/+SiW/Test/live/118/118-1-1-2-1.mov.zip,0,281,354
/+SiW/Test/live/118/118-1-1-2-2.mov.zip,0,380,446
/+SiW/Test/live/118/118-2-1-1-1.mov.zip,0,604,761
/+SiW/Test/live/118/118-2-1-1-2.mov.zip,0,1321,1321
/+SiW/Test/live/118/118-2-1-2-1.mov.zip,0,1298,1391
/+SiW/Test/live/118/118-2-1-2-2.mov.zip,0,806,935
/+SiW/Test/live/061/061-1-1-1-1.mov.zip,0,486,486
/+SiW/Test/live/061/061-1-1-1-2.mov.zip,0,430,430
/+SiW/Test/live/061/061-1-1-2-1.mov.zip,0,373,437
/+SiW/Test/live/061/061-1-1-2-2.mov.zip,0,340,471
/+SiW/Test/live/061/061-2-1-1-1.mov.zip,0,843,843
/+SiW/Test/live/061/061-2-1-1-2.mov.zip,0,892,892
/+SiW/Test/live/061/061-2-1-2-1.mov.zip,0,818,905
/+SiW/Test/live/061/061-2-1-2-2.mov.zip,0,779,969
/+SiW/Test/live/095/095-1-1-1-1.mov.zip,0,635,635
/+SiW/Test/live/095/095-1-1-1-2.mov.zip,0,570,570
/+SiW/Test/live/095/095-1-1-2-1.mov.zip,0,457,649
/+SiW/Test/live/095/095-1-1-2-2.mov.zip,0,632,685
/+SiW/Test/live/095/095-2-1-1-1.mov.zip,0,1320,1320
/+SiW/Test/live/095/095-2-1-1-2.mov.zip,0,1010,1337
/+SiW/Test/live/095/095-2-1-2-1.mov.zip,0,1205,1205
/+SiW/Test/live/095/095-2-1-2-2.mov.zip,0,1082,1266
/+SiW/Test/live/082/082-1-1-1-1.mov.zip,0,644,644
/+SiW/Test/live/082/082-1-1-1-2.mov.zip,0,556,556
/+SiW/Test/live/082/082-1-1-2-1.mov.zip,0,325,583
/+SiW/Test/live/082/082-1-1-2-2.mov.zip,0,553,639
/+SiW/Test/live/082/082-2-1-1-1.mov.zip,0,1402,2377
/+SiW/Test/live/082/082-2-1-1-2.mov.zip,0,1028,1028
/+SiW/Test/live/082/082-2-1-2-1.mov.zip,0,1659,1959
/+SiW/Test/live/082/082-2-1-2-2.mov.zip,0,995,1164
/+SiW/Test/live/139/139-1-1-1-1.mov.zip,0,546,657
/+SiW/Test/live/139/139-1-1-1-2.mov.zip,0,510,551
/+SiW/Test/live/139/139-1-1-2-1.mov.zip,0,359,527
/+SiW/Test/live/139/139-1-1-2-2.mov.zip,0,472,658
/+SiW/Test/live/139/139-2-1-1-1.mov.zip,0,618,1077
/+SiW/Test/live/139/139-2-1-1-2.mov.zip,0,884,944
/+SiW/Test/live/139/139-2-1-2-1.mov.zip,0,1063,1355
/+SiW/Test/live/139/139-2-1-2-2.mov.zip,0,664,1208
/+SiW/Test/live/025/025-1-1-1-1.mov.zip,0,450,501
/+SiW/Test/live/025/025-1-1-1-2.mov.zip,0,631,816
/+SiW/Test/live/025/025-1-1-2-1.mov.zip,0,541,666
/+SiW/Test/live/025/025-1-1-2-2.mov.zip,0,426,552
/+SiW/Test/live/025/025-2-1-1-1.mov.zip,0,1055,1055
/+SiW/Test/live/025/025-2-1-1-2.mov.zip,0,1312,1363
/+SiW/Test/live/025/025-2-1-2-1.mov.zip,0,1158,1391
/+SiW/Test/live/025/025-2-1-2-2.mov.zip,0,888,1124
/+SiW/Test/live/044/044-1-1-1-1.mov.zip,0,535,535
/+SiW/Test/live/044/044-1-1-1-2.mov.zip,0,663,663
/+SiW/Test/live/044/044-1-1-2-1.mov.zip,0,479,521
/+SiW/Test/live/044/044-1-1-2-2.mov.zip,0,414,530
/+SiW/Test/live/044/044-2-1-1-1.mov.zip,0,1113,1113
/+SiW/Test/live/044/044-2-1-1-2.mov.zip,0,1356,1356
/+SiW/Test/live/044/044-2-1-2-1.mov.zip,0,996,1073
/+SiW/Test/live/044/044-2-1-2-2.mov.zip,0,942,1098
/+SiW/Test/live/161/161-1-1-1-1.mov.zip,0,457,457
/+SiW/Test/live/161/161-1-1-1-2.mov.zip,0,584,584
/+SiW/Test/live/161/161-1-1-2-1.mov.zip,0,362,443
/+SiW/Test/live/161/161-1-1-2-2.mov.zip,0,473,555
/+SiW/Test/live/161/161-2-1-1-1.m.mov.zip,0,963,963
/+SiW/Test/live/161/161-2-1-1-2.m.mov.zip,0,1190,1190
/+SiW/Test/live/161/161-2-1-2-1.m.mov.zip,0,788,912
/+SiW/Test/live/161/161-2-1-2-2.m.mov.zip,0,984,1143
/+SiW/Test/live/064/064-1-1-1-1.mov.zip,0,779,779
/+SiW/Test/live/064/064-1-1-1-2.mov.zip,0,672,672
/+SiW/Test/live/064/064-1-1-2-1.mov.zip,0,401,581
/+SiW/Test/live/064/064-1-1-2-2.mov.zip,0,351,533
/+SiW/Test/live/064/064-2-1-1-1.mov.zip,0,883,1217
/+SiW/Test/live/064/064-2-1-1-2.mov.zip,0,341,341
/+SiW/Test/live/064/064-2-1-2-1.mov.zip,0,1637,1637
/+SiW/Test/live/064/064-2-1-2-2.mov.zip,0,193,278
/+SiW/Test/live/013/013-1-1-1-1.mov.zip,0,695,695
/+SiW/Test/live/013/013-1-1-1-2.mov.zip,0,921,921
/+SiW/Test/live/013/013-1-1-2-1.mov.zip,0,567,569
/+SiW/Test/live/013/013-1-1-2-2.mov.zip,0,675,698
/+SiW/Test/live/013/013-2-1-1-1.mov.zip,0,1431,1431
/+SiW/Test/live/013/013-2-1-1-2.mov.zip,0,1846,1846
/+SiW/Test/live/013/013-2-1-2-1.mov.zip,0,1196,1196
/+SiW/Test/live/013/013-2-1-2-2.mov.zip,0,1382,1419
/+SiW/Test/live/001/001-1-1-1-1.mov.zip,0,599,599
/+SiW/Test/live/001/001-1-1-1-2.mov.zip,0,813,813
/+SiW/Test/live/001/001-1-1-2-1.mov.zip,0,616,624
/+SiW/Test/live/001/001-1-1-2-2.mov.zip,0,763,763
/+SiW/Test/live/001/001-2-1-1-2.mov.zip,0,1463,1463
/+SiW/Test/live/001/001-2-1-2-1.mov.zip,0,1421,1442
/+SiW/Test/live/001/001-2-1-2-2.mov.zip,0,1394,1394
/+SiW/Test/live/083/083-1-1-1-1.mov.zip,0,472,496
/+SiW/Test/live/083/083-1-1-1-2.mov.zip,0,403,444
/+SiW/Test/live/083/083-1-1-2-1.mov.zip,0,398,557
/+SiW/Test/live/083/083-1-1-2-2.mov.zip,0,331,568
/+SiW/Test/live/083/083-2-1-1-1.mov.zip,0,899,899
/+SiW/Test/live/083/083-2-1-1-2.mov.zip,0,885,943
/+SiW/Test/live/083/083-2-1-2-1.mov.zip,0,779,1164
/+SiW/Test/live/083/083-2-1-2-2.mov.zip,0,742,1200
/+SiW/Test/live/122/122-1-1-1-1.mov.zip,0,640,640
/+SiW/Test/live/122/122-1-1-1-2.mov.zip,0,641,641
/+SiW/Test/live/122/122-1-1-2-1.mov.zip,0,615,711
/+SiW/Test/live/122/122-1-1-2-2.mov.zip,0,644,762
/+SiW/Test/live/122/122-2-1-1-1.mov.zip,0,1302,1302
/+SiW/Test/live/122/122-2-1-1-2.mov.zip,0,1161,1161
/+SiW/Test/live/122/122-2-1-2-1.mov.zip,0,1013,1241
/+SiW/Test/live/122/122-2-1-2-2.mov.zip,0,1140,1410
/+SiW/Test/live/097/097-1-1-1-1.mov.zip,0,574,574
/+SiW/Test/live/097/097-1-1-1-2.mov.zip,0,610,610
/+SiW/Test/live/097/097-1-1-2-1.mov.zip,0,710,710
/+SiW/Test/live/097/097-1-1-2-2.mov.zip,0,593,618
/+SiW/Test/live/097/097-2-1-1-1.mov.zip,0,1049,1049
/+SiW/Test/live/097/097-2-1-1-2.mov.zip,0,1254,1254
/+SiW/Test/live/097/097-2-1-2-1.mov.zip,0,1337,1337
/+SiW/Test/live/097/097-2-1-2-2.mov.zip,0,1196,1231
/+SiW/Test/live/141/141-1-1-1-1.mov.zip,0,413,413
/+SiW/Test/live/141/141-1-1-1-2.mov.zip,0,582,595
/+SiW/Test/live/141/141-1-1-2-1.mov.zip,0,318,498
/+SiW/Test/live/141/141-1-1-2-2.mov.zip,0,433,531
/+SiW/Test/live/141/141-2-1-1-1.mov.zip,0,857,869
/+SiW/Test/live/141/141-2-1-1-2.mov.zip,0,1218,1218
/+SiW/Test/live/141/141-2-1-2-1.mov.zip,0,649,1007
/+SiW/Test/live/141/141-2-1-2-2.mov.zip,0,913,1082
/+SiW/Test/live/026/026-1-1-1-1.mov.zip,0,465,502
/+SiW/Test/live/026/026-1-1-1-2.mov.zip,0,515,556
/+SiW/Test/live/026/026-1-1-2-1.mov.zip,0,452,635
/+SiW/Test/live/026/026-1-1-2-2.mov.zip,0,387,550
/+SiW/Test/live/026/026-2-1-1-1.mov.zip,0,976,1038
/+SiW/Test/live/026/026-2-1-1-2.mov.zip,0,1093,1155
/+SiW/Test/live/026/026-2-1-2-1.mov.zip,0,954,1308
/+SiW/Test/live/026/026-2-1-2-2.mov.zip,0,799,1097
/+SiW/Test/live/065/065-1-1-1-1.mov.zip,0,613,616
/+SiW/Test/live/065/065-1-1-1-2.mov.zip,0,618,633
/+SiW/Test/live/065/065-1-1-2-1.mov.zip,0,305,454
/+SiW/Test/live/065/065-1-1-2-2.mov.zip,0,369,479
/+SiW/Test/live/065/065-2-1-1-1.mov.zip,0,1091,1091
/+SiW/Test/live/065/065-2-1-1-2.mov.zip,0,805,1013
/+SiW/Test/live/065/065-2-1-2-1.mov.zip,0,657,996
/+SiW/Test/live/065/065-2-1-2-2.mov.zip,0,1104,1143
/+SiW/Test/live/048/048-1-1-1-1.mov.zip,0,636,636
/+SiW/Test/live/048/048-1-1-1-2.mov.zip,0,655,655
/+SiW/Test/live/048/048-1-1-2-1.mov.zip,0,556,760
/+SiW/Test/live/048/048-1-1-2-2.mov.zip,0,402,588
/+SiW/Test/live/048/048-2-1-1-1.mov.zip,0,1332,1338
/+SiW/Test/live/048/048-2-1-1-2.mov.zip,0,1329,1329
/+SiW/Test/live/048/048-2-1-2-1.mov.zip,0,1014,1401
/+SiW/Test/live/048/048-2-1-2-2.mov.zip,0,874,1211
/+SiW/Test/live/015/015-1-1-1-1.mov.zip,0,550,550
/+SiW/Test/live/015/015-1-1-1-2.mov.zip,0,628,628
/+SiW/Test/live/015/015-1-1-2-1.mov.zip,0,397,546
/+SiW/Test/live/015/015-1-1-2-2.mov.zip,0,450,654
/+SiW/Test/live/015/015-2-1-1-1.mov.zip,0,1146,1146
/+SiW/Test/live/015/015-2-1-1-2.mov.zip,0,1262,1262
/+SiW/Test/live/015/015-2-1-2-1.mov.zip,0,803,1116
/+SiW/Test/live/015/015-2-1-2-2.mov.zip,0,919,1319
/+SiW/Test/live/102/102-1-1-1-1.mov.zip,0,504,528
/+SiW/Test/live/102/102-1-1-1-2.mov.zip,0,569,582
/+SiW/Test/live/102/102-1-1-2-1.mov.zip,0,377,396
/+SiW/Test/live/102/102-1-1-2-2.mov.zip,0,551,561
/+SiW/Test/live/102/102-2-1-1-1.mov.zip,0,943,948
/+SiW/Test/live/102/102-2-1-1-2.mov.zip,0,1236,1236
/+SiW/Test/live/102/102-2-1-2-1.mov.zip,0,843,853
/+SiW/Test/live/102/102-2-1-2-2.mov.zip,0,1187,1187
/+SiW/Test/live/124/124-1-1-1-1.mov.zip,0,601,601
/+SiW/Test/live/124/124-1-1-1-2.mov.zip,0,511,511
/+SiW/Test/live/124/124-1-1-2-1.mov.zip,0,498,498
/+SiW/Test/live/124/124-1-1-2-2.mov.zip,0,665,665
/+SiW/Test/live/124/124-2-1-1-1.mov.zip,0,1254,1254
/+SiW/Test/live/124/124-2-1-1-2.mov.zip,0,1092,1092
/+SiW/Test/live/124/124-2-1-2-1.mov.zip,0,1055,1055
/+SiW/Test/live/124/124-2-1-2-2.mov.zip,0,1343,1343
/+SiW/Test/live/142/142-1-1-1-1.mov.zip,0,504,504
/+SiW/Test/live/142/142-1-1-1-2.mov.zip,0,605,618
/+SiW/Test/live/142/142-1-1-2-1.mov.zip,0,331,523
/+SiW/Test/live/142/142-1-1-2-2.mov.zip,0,427,671
/+SiW/Test/live/142/142-2-1-1-1.mov.zip,0,1080,1080
/+SiW/Test/live/142/142-2-1-1-2.mov.zip,0,1061,1086
/+SiW/Test/live/142/142-2-1-2-1.mov.zip,0,695,1118
/+SiW/Test/live/142/142-2-1-2-2.mov.zip,0,632,1149
/+SiW/Test/live/084/084-1-1-1-1.mov.zip,0,684,684
/+SiW/Test/live/084/084-1-1-1-2.mov.zip,0,704,745
/+SiW/Test/live/084/084-1-1-2-1.mov.zip,0,207,632
/+SiW/Test/live/084/084-1-1-2-2.mov.zip,0,356,711
/+SiW/Test/live/084/084-2-1-1-1.mov.zip,0,1289,1289
/+SiW/Test/live/084/084-2-1-1-2.mov.zip,0,1486,1537
/+SiW/Test/live/084/084-2-1-2-1.mov.zip,0,568,1311
/+SiW/Test/live/084/084-2-1-2-2.mov.zip,0,764,1466
/+SiW/Test/live/002/002-1-1-1-1.mov.zip,0,618,618
/+SiW/Test/live/002/002-1-1-1-2.mov.zip,0,745,745
/+SiW/Test/live/002/002-1-1-2-1.mov.zip,0,681,739
/+SiW/Test/live/002/002-1-1-2-2.mov.zip,0,808,896
/+SiW/Test/live/002/002-2-1-1-1.mov.zip,0,1242,1242
/+SiW/Test/live/002/002-2-1-1-2.mov.zip,0,1517,1517
/+SiW/Test/live/002/002-2-1-2-1.mov.zip,0,1474,1491
/+SiW/Test/live/002/002-2-1-2-2.mov.zip,0,1701,1827
/+SiW/Test/live/027/027-1-1-1-1.mov.zip,0,454,454
/+SiW/Test/live/027/027-1-1-1-2.mov.zip,0,535,542
/+SiW/Test/live/027/027-1-1-2-1.mov.zip,0,191,500
/+SiW/Test/live/027/027-1-1-2-2.mov.zip,0,293,542
/+SiW/Test/live/027/027-2-1-1-1.mov.zip,0,959,959
/+SiW/Test/live/027/027-2-1-1-2.mov.zip,0,1126,1126
/+SiW/Test/live/027/027-2-1-2-1.mov.zip,0,507,1059
/+SiW/Test/live/027/027-2-1-2-2.mov.zip,0,642,1121
/+SiW/Test/live/049/049-1-1-1-1.mov.zip,0,460,473
/+SiW/Test/live/049/049-1-1-1-2.mov.zip,0,551,564
/+SiW/Test/live/049/049-1-1-2-1.mov.zip,0,579,678
/+SiW/Test/live/049/049-1-1-2-2.mov.zip,0,488,535
/+SiW/Test/live/049/049-2-1-1-1.mov.zip,0,1014,1014
/+SiW/Test/live/049/049-2-1-1-2.mov.zip,0,1178,1178
/+SiW/Test/live/049/049-2-1-2-1.mov.zip,0,1178,1385
/+SiW/Test/live/049/049-2-1-2-2.mov.zip,0,1020,1112
/+SiW/Test/live/018/018-1-1-1-1.mov.zip,0,469,469
/+SiW/Test/live/018/018-1-1-1-2.mov.zip,0,569,569
/+SiW/Test/live/018/018-1-1-2-1.mov.zip,0,382,422
/+SiW/Test/live/018/018-1-1-2-2.mov.zip,0,485,580
/+SiW/Test/live/018/018-2-1-1-1.mov.zip,0,801,801
/+SiW/Test/live/018/018-2-1-1-2.mov.zip,0,1164,1164
/+SiW/Test/live/018/018-2-1-2-1.mov.zip,0,970,1039
/+SiW/Test/live/018/018-2-1-2-2.mov.zip,0,1007,1196
/+SiW/Test/live/066/066-1-1-1-1.mov.zip,0,541,541
/+SiW/Test/live/066/066-1-1-1-2.mov.zip,0,669,669
/+SiW/Test/live/066/066-1-1-2-1.mov.zip,0,528,713
/+SiW/Test/live/066/066-1-1-2-2.mov.zip,0,508,811
/+SiW/Test/live/066/066-2-1-1-1.mov.zip,0,1146,1146
/+SiW/Test/live/066/066-2-1-1-2.mov.zip,0,1365,1365
/+SiW/Test/live/066/066-2-1-2-1.mov.zip,0,1075,1473
/+SiW/Test/live/066/066-2-1-2-2.mov.zip,0,1076,1666
/+SiW/Test/live/153/153-1-1-1-1.mov.zip,0,421,421
/+SiW/Test/live/153/153-1-1-1-2.mov.zip,0,509,548
/+SiW/Test/live/153/153-1-1-2-1.mov.zip,0,459,541
/+SiW/Test/live/153/153-1-1-2-2.mov.zip,0,484,588
/+SiW/Test/live/153/153-2-1-1-1.m.mov.zip,0,911,911
/+SiW/Test/live/153/153-2-1-1-2.m.mov.zip,0,1079,1138
/+SiW/Test/live/153/153-2-1-2-1.m.mov.zip,0,816,961
/+SiW/Test/live/153/153-2-1-2-2.m.mov.zip,0,985,1185
/+SiW/Test/live/106/106-1-1-1-1.mov.zip,0,631,631
/+SiW/Test/live/106/106-1-1-1-2.mov.zip,0,576,576
/+SiW/Test/live/106/106-1-1-2-1.mov.zip,0,517,537
/+SiW/Test/live/106/106-1-1-2-2.mov.zip,0,647,754
/+SiW/Test/live/106/106-2-1-1-1.mov.zip,0,1181,1181
/+SiW/Test/live/106/106-2-1-1-2.mov.zip,0,1218,1218
/+SiW/Test/live/106/106-2-1-2-1.mov.zip,0,1073,1104
/+SiW/Test/live/106/106-2-1-2-2.mov.zip,0,1232,1405
/+SiW/Test/live/125/125-1-1-1-1.mov.zip,0,513,513
/+SiW/Test/live/125/125-1-1-1-2.mov.zip,0,640,640
/+SiW/Test/live/125/125-1-1-2-1.mov.zip,0,365,613
/+SiW/Test/live/125/125-1-1-2-2.mov.zip,0,391,550
/+SiW/Test/live/125/125-2-1-1-1.mov.zip,0,1217,1217
/+SiW/Test/live/125/125-2-1-1-2.mov.zip,0,1299,1299
/+SiW/Test/live/125/125-2-1-2-1.mov.zip,0,910,1419
/+SiW/Test/live/125/125-2-1-2-2.mov.zip,0,808,1124
/+SiW/Test/live/085/085-1-1-1-1.mov.zip,0,745,745
/+SiW/Test/live/085/085-1-1-1-2.mov.zip,0,628,628
/+SiW/Test/live/085/085-1-1-2-1.mov.zip,0,591,617
/+SiW/Test/live/085/085-1-1-2-2.mov.zip,0,663,663
/+SiW/Test/live/085/085-2-1-1-1.mov.zip,0,1505,1505
/+SiW/Test/live/085/085-2-1-1-2.mov.zip,0,1279,1279
/+SiW/Test/live/085/085-2-1-2-1.mov.zip,0,1196,1226
/+SiW/Test/live/085/085-2-1-2-2.mov.zip,0,1384,1384
/+SiW/Test/live/029/029-1-1-1-1.mov.zip,0,569,569
/+SiW/Test/live/029/029-1-1-1-2.mov.zip,0,674,674
/+SiW/Test/live/029/029-1-1-2-1.mov.zip,0,470,789
/+SiW/Test/live/029/029-1-1-2-2.mov.zip,0,500,661
/+SiW/Test/live/029/029-2-1-1-1.mov.zip,0,1151,1151
/+SiW/Test/live/029/029-2-1-1-2.mov.zip,0,1379,1379
/+SiW/Test/live/029/029-2-1-2-1.mov.zip,0,784,1430
/+SiW/Test/live/029/029-2-1-2-2.mov.zip,0,1039,1381
/+SiW/Test/live/004/004-1-1-1-1.mov.zip,0,627,627
/+SiW/Test/live/004/004-1-1-1-2.mov.zip,0,637,637
/+SiW/Test/live/004/004-1-1-2-1.mov.zip,0,551,706
/+SiW/Test/live/004/004-1-1-2-2.mov.zip,0,659,842
/+SiW/Test/live/004/004-2-1-1-1.mov.zip,0,1292,1292
/+SiW/Test/live/004/004-2-1-1-2.mov.zip,0,1297,1297
/+SiW/Test/live/004/004-2-1-2-1.mov.zip,0,1224,1435
/+SiW/Test/live/004/004-2-1-2-2.mov.zip,0,1359,1701
/+SiW/Test/live/108/108-1-1-1-1.mov.zip,0,412,412
/+SiW/Test/live/108/108-1-1-1-2.mov.zip,0,400,400
/+SiW/Test/live/108/108-1-1-2-1.mov.zip,0,407,515
/+SiW/Test/live/108/108-1-1-2-2.mov.zip,0,322,447
/+SiW/Test/live/108/108-2-1-1-1.mov.zip,0,725,725
/+SiW/Test/live/108/108-2-1-1-2.mov.zip,0,843,843
/+SiW/Test/live/108/108-2-1-2-1.mov.zip,0,601,827
/+SiW/Test/live/108/108-2-1-2-2.mov.zip,0,502,749
/+SiW/Test/live/050/050-1-1-1-1.mov.zip,0,460,490
/+SiW/Test/live/050/050-1-1-1-2.mov.zip,0,585,585
/+SiW/Test/live/050/050-1-1-2-1.mov.zip,0,550,664
/+SiW/Test/live/050/050-1-1-2-2.mov.zip,0,598,654
/+SiW/Test/live/050/050-2-1-1-1.mov.zip,0,950,1020
/+SiW/Test/live/050/050-2-1-1-2.mov.zip,0,1036,1039
/+SiW/Test/live/050/050-2-1-2-1.mov.zip,0,1094,1385
/+SiW/Test/live/050/050-2-1-2-2.mov.zip,0,1212,1335
/+SiW/Test/live/019/019-1-1-1-1.mov.zip,0,543,543
/+SiW/Test/live/019/019-1-1-1-2.mov.zip,0,643,643
/+SiW/Test/live/019/019-1-1-2-1.mov.zip,0,447,562
/+SiW/Test/live/019/019-1-1-2-2.mov.zip,0,657,772
/+SiW/Test/live/019/019-2-1-1-1.mov.zip,0,1098,1098
/+SiW/Test/live/019/019-2-1-1-2.mov.zip,0,1312,1312
/+SiW/Test/live/019/019-2-1-2-1.mov.zip,0,911,1181
/+SiW/Test/live/019/019-2-1-2-2.mov.zip,0,1369,1626
/+SiW/Test/live/067/067-1-1-1-1.mov.zip,0,588,596
/+SiW/Test/live/067/067-1-1-1-2.mov.zip,0,662,662
/+SiW/Test/live/067/067-1-1-2-1.mov.zip,0,461,707
/+SiW/Test/live/067/067-1-1-2-2.mov.zip,0,359,554
/+SiW/Test/live/067/067-2-1-1-1.mov.zip,0,1030,1045
/+SiW/Test/live/067/067-2-1-1-2.mov.zip,0,1374,1374
/+SiW/Test/live/067/067-2-1-2-1.mov.zip,0,959,1470
/+SiW/Test/live/067/067-2-1-2-2.mov.zip,0,789,1170
/+SiW/Test/live/126/126-1-1-1-1.mov.zip,0,592,592
/+SiW/Test/live/126/126-1-1-1-2.mov.zip,0,590,590
/+SiW/Test/live/126/126-1-1-2-1.mov.zip,0,542,602
/+SiW/Test/live/126/126-1-1-2-2.mov.zip,0,586,605
/+SiW/Test/live/126/126-2-1-1-1.mov.zip,0,1253,1253
/+SiW/Test/live/126/126-2-1-1-2.mov.zip,0,1226,1235
/+SiW/Test/live/126/126-2-1-2-1.mov.zip,0,1131,1239
/+SiW/Test/live/126/126-2-1-2-2.mov.zip,0,1263,1278
/+SiW/Test/live/154/154-1-1-1-1.mov.zip,0,941,941
/+SiW/Test/live/154/154-1-1-1-2.mov.zip,0,652,652
/+SiW/Test/live/154/154-1-1-2-1.mov.zip,0,490,580
/+SiW/Test/live/154/154-1-1-2-2.mov.zip,0,587,699
/+SiW/Test/live/154/154-2-1-1-1.m.mov.zip,0,1055,1193
/+SiW/Test/live/154/154-2-1-1-2.m.mov.zip,0,1321,1321
/+SiW/Test/live/154/154-2-1-2-1.m.mov.zip,0,1955,1955
/+SiW/Test/live/154/154-2-1-2-2.m.mov.zip,0,1015,1223
/+SiW/Test/live/087/087-1-1-1-1.mov.zip,0,638,657
/+SiW/Test/live/087/087-1-1-1-2.mov.zip,0,662,662
/+SiW/Test/live/087/087-1-1-2-1.mov.zip,0,301,334
/+SiW/Test/live/087/087-1-1-2-2.mov.zip,0,390,513
/+SiW/Test/live/087/087-2-1-1-1.mov.zip,0,1328,1365
/+SiW/Test/live/087/087-2-1-1-2.mov.zip,0,1404,1404
/+SiW/Test/live/087/087-2-1-2-1.mov.zip,0,682,749
/+SiW/Test/live/087/087-2-1-2-2.mov.zip,0,695,905
/+SiW/Test/live/031/031-1-1-1-1.mov.zip,0,447,642
/+SiW/Test/live/031/031-1-1-1-2.mov.zip,0,608,634
/+SiW/Test/live/031/031-1-1-2-1.mov.zip,0,541,629
/+SiW/Test/live/031/031-1-1-2-2.mov.zip,0,569,684
/+SiW/Test/live/031/031-2-1-1-1.mov.zip,0,1319,1325
/+SiW/Test/live/031/031-2-1-1-2.mov.zip,0,1221,1286
/+SiW/Test/live/031/031-2-1-2-1.mov.zip,0,1030,1253
/+SiW/Test/live/031/031-2-1-2-2.mov.zip,0,1272,1409
/+SiW/Test/live/005/005-1-1-1-1.mov.zip,0,631,642
/+SiW/Test/live/005/005-1-1-1-2.mov.zip,0,711,711
/+SiW/Test/live/005/005-1-1-2-1.mov.zip,0,544,617
/+SiW/Test/live/005/005-1-1-2-2.mov.zip,0,396,671
/+SiW/Test/live/005/005-2-1-1-1.mov.zip,0,1311,1311
/+SiW/Test/live/005/005-2-1-1-2.mov.zip,0,1455,1455
/+SiW/Test/live/005/005-2-1-2-1.mov.zip,0,1180,1275
/+SiW/Test/live/005/005-2-1-2-2.mov.zip,0,846,1361
/+SiW/Test/live/020/020-2-1-2-1.mov.zip,0,1006,1209
/+SiW/Test/live/020/020-2-1-2-2.mov.zip,0,1324,1561
/+SiW/Test/live/020/020-1-1-1-1.mov.zip,0,620,656
/+SiW/Test/live/020/020-1-1-1-2.mov.zip,0,811,811
/+SiW/Test/live/020/020-1-1-2-1.mov.zip,0,489,593
/+SiW/Test/live/020/020-1-1-2-2.mov.zip,0,662,776
/+SiW/Test/live/020/020-2-1-1-1.mov.zip,0,1183,1183
/+SiW/Test/live/020/020-2-1-1-2.mov.zip,0,1626,1626
/+SiW/Test/live/109/109-1-1-1-1.mov.zip,0,549,549
/+SiW/Test/live/109/109-1-1-1-2.mov.zip,0,599,599
/+SiW/Test/live/109/109-1-1-2-1.mov.zip,0,545,606
/+SiW/Test/live/109/109-1-1-2-2.mov.zip,0,479,589
/+SiW/Test/live/109/109-2-1-1-1.mov.zip,0,1152,1152
/+SiW/Test/live/109/109-2-1-1-2.mov.zip,0,1049,1049
/+SiW/Test/live/109/109-2-1-2-1.mov.zip,0,1086,1245
/+SiW/Test/live/109/109-2-1-2-2.mov.zip,0,990,1221
/+SiW/Test/live/052/052-1-1-1-1.mov.zip,0,494,576
/+SiW/Test/live/052/052-1-1-1-2.mov.zip,0,550,630
/+SiW/Test/live/052/052-1-1-2-1.mov.zip,0,480,526
/+SiW/Test/live/052/052-1-1-2-2.mov.zip,0,418,553
/+SiW/Test/live/052/052-2-1-1-1.mov.zip,0,1344,1344
/+SiW/Test/live/052/052-2-1-1-2.mov.zip,0,1195,1294
/+SiW/Test/live/052/052-2-1-2-1.mov.zip,0,1060,1093
/+SiW/Test/live/052/052-2-1-2-2.mov.zip,0,1023,1148
/+SiW/Test/live/036/036-2-1-1-1.mov.zip,0,1116,1116
/+SiW/Test/live/036/036-2-1-1-2.mov.zip,0,1356,1356
/+SiW/Test/live/036/036-2-1-2-1.mov.zip,0,803,1491
/+SiW/Test/live/036/036-2-1-2-2.mov.zip,0,647,1241
/+SiW/Test/live/036/036-1-1-1-1.mov.zip,0,541,541
/+SiW/Test/live/036/036-1-1-1-2.mov.zip,0,667,671
/+SiW/Test/live/036/036-1-1-2-1.mov.zip,0,376,716
/+SiW/Test/live/036/036-1-1-2-2.mov.zip,0,331,611
/+SiW/Test/live/053/053-1-1-2-1.mov.zip,0,521,614
/+SiW/Test/live/053/053-1-1-2-2.mov.zip,0,451,541
/+SiW/Test/live/053/053-2-1-1-1.mov.zip,0,948,980
/+SiW/Test/live/053/053-2-1-1-2.mov.zip,0,1023,1050
/+SiW/Test/live/053/053-2-1-2-1.mov.zip,0,924,1110
/+SiW/Test/live/053/053-2-1-2-2.mov.zip,0,1078,1239
/+SiW/Test/live/053/053-1-1-1-1.mov.zip,0,429,463
/+SiW/Test/live/053/053-1-1-1-2.mov.zip,0,494,519
/+SiW/Test/live/130/130-1-1-1-1.mov.zip,0,505,505
/+SiW/Test/live/130/130-1-1-1-2.mov.zip,0,430,430
/+SiW/Test/live/130/130-1-1-2-1.mov.zip,0,342,414
/+SiW/Test/live/130/130-1-1-2-2.mov.zip,0,211,388
/+SiW/Test/live/130/130-2-1-1-1.mov.zip,0,653,851
/+SiW/Test/live/130/130-2-1-1-2.mov.zip,0,438,823
/+SiW/Test/live/130/130-2-1-2-1.mov.zip,0,1037,1037
/+SiW/Test/live/130/130-2-1-2-2.mov.zip,0,901,901
/+SiW/Test/live/071/071-1-1-1-1.mov.zip,0,580,580
/+SiW/Test/live/071/071-1-1-1-2.mov.zip,0,539,539
/+SiW/Test/live/071/071-1-1-2-1.mov.zip,0,405,432
/+SiW/Test/live/071/071-1-1-2-2.mov.zip,0,550,565
/+SiW/Test/live/071/071-2-1-1-1.mov.zip,0,1193,1193
/+SiW/Test/live/071/071-2-1-1-2.mov.zip,0,1142,1142
/+SiW/Test/live/071/071-2-1-2-1.mov.zip,0,841,899
/+SiW/Test/live/071/071-2-1-2-2.mov.zip,0,1141,1166
/+SiW/Test/live/088/088-2-1-2-1.mov.zip,0,825,1449
/+SiW/Test/live/088/088-2-1-2-2.mov.zip,0,835,1176
/+SiW/Test/live/088/088-1-1-1-1.mov.zip,0,670,670
/+SiW/Test/live/088/088-1-1-1-2.mov.zip,0,577,595
/+SiW/Test/live/088/088-1-1-2-1.mov.zip,0,389,688
/+SiW/Test/live/088/088-1-1-2-2.mov.zip,0,394,569
/+SiW/Test/live/088/088-2-1-1-1.mov.zip,0,1404,1404
/+SiW/Test/live/088/088-2-1-1-2.mov.zip,0,1271,1271
/+SiW/Test/live/110/110-2-1-1-1.mov.zip,0,878,878
/+SiW/Test/live/110/110-2-1-1-2.mov.zip,0,803,803
/+SiW/Test/live/110/110-2-1-2-1.mov.zip,0,1136,1221
/+SiW/Test/live/110/110-2-1-2-2.mov.zip,0,787,971
/+SiW/Test/live/110/110-1-1-1-1.mov.zip,0,403,403
/+SiW/Test/live/110/110-1-1-1-2.mov.zip,0,455,455
/+SiW/Test/live/110/110-1-1-2-1.mov.zip,0,552,592
/+SiW/Test/live/110/110-1-1-2-2.mov.zip,0,449,535
/+SiW/Test/live/132/132-1-1-2-1.mov.zip,0,268,501
/+SiW/Test/live/132/132-1-1-2-2.mov.zip,0,326,531
/+SiW/Test/live/132/132-2-1-1-1.mov.zip,0,1092,1092
/+SiW/Test/live/132/132-2-1-1-2.mov.zip,0,1284,1284
/+SiW/Test/live/132/132-2-1-2-1.mov.zip,0,562,1050
/+SiW/Test/live/132/132-2-1-2-2.mov.zip,0,679,1094
/+SiW/Test/live/132/132-1-1-1-1.mov.zip,0,515,515
/+SiW/Test/live/132/132-1-1-1-2.mov.zip,0,622,622
/+SiW/Test/live/158/158-1-1-1-1.mov.zip,0,517,517
/+SiW/Test/live/158/158-1-1-1-2.mov.zip,0,550,550
/+SiW/Test/live/158/158-1-1-2-1.mov.zip,0,341,481
/+SiW/Test/live/158/158-1-1-2-2.mov.zip,0,487,650
/+SiW/Test/live/158/158-2-1-1-1.m.mov.zip,0,1067,1067
/+SiW/Test/live/158/158-2-1-1-2.m.mov.zip,0,1136,1136
/+SiW/Test/live/158/158-2-1-2-1.m.mov.zip,0,777,997
/+SiW/Test/live/158/158-2-1-2-2.m.mov.zip,0,1000,1341
